,Coluna1,Coluna2
0,-6.542464114875099,-1.8189388684129248
1,-6.875952573095966,-2.5327119490616594
2,-8.062708663646298,-2.7269381432994764
3,4.386537404197693,-5.595920225565822
4,-2.098240227236106,4.105194807698546
5,-7.403194291433488,-10.325683205223807
6,-10.848607816592606,4.65938627329901
7,-3.5260541201087072,0.2599867714211167
8,-4.5451466657024175,-7.746387924951955
9,6.308463460758989,9.003827653852811
10,-5.669607849459065,-3.583731527401456
11,-10.184291497164567,-4.010173028249052
12,1.171542957460332,4.549217639555409
13,1.7560910370802654,-7.141368563106452
14,-5.028322245030545,-4.797059446952665
15,-6.450882404636539,-8.296793967201792
16,9.561858708157757,1.1757398462660205
17,-9.375908999347528,-4.553153078434052
18,-6.1015033030311026,7.795687854079029
19,-5.75039001362714,7.4421987521901585
20,-8.514704199437574,-5.43510721601508
21,-5.076964930725332,-1.3841912877666378
22,-1.226979623831776,0.815207771249729
23,-7.586345915955821,-0.5900602565015848
24,2.6196962282502896,-3.631995287301047
25,-2.703063722819203,-7.643413069295073
26,-7.9905721286694105,7.479456795684887
27,-4.6893588081080235,6.179660020770069
28,-3.8223653626930174,6.334609276764139
29,3.6114768035224944,7.554109675289177
30,-9.324489080372086,4.362893133029516
31,-9.369404064200522,-9.332685899656102
32,-7.493191944294724,-5.786660586216147
33,-10.56001793467219,-1.9984704723541702
34,4.858397095868134,5.469162866354725
35,-5.759381970663341,-4.203656511504981
36,-2.24639686006122,-6.585133185701665
37,3.9974440222888723,-3.91229978932658
38,-6.534830713791883,-10.606382269837288
39,-0.026809950709149266,4.51555437245876
40,-10.325542991498724,5.25607584701671
41,-4.479042705394743,3.2597718736888255
42,1.0144754210754752,-7.168408855674678
43,-2.1711106369421413,-2.0146617266267075
44,-6.597880807261365,-9.071301899355547
45,-5.590794444264629,-3.442195442006059
46,-5.823672833711984,-3.7837063603242838
47,3.528173500610823,-4.923360532360208
48,-2.192936532677497,1.8178965568579688
49,-6.111168235074232,-4.313578498350537
50,-1.9657639185768914,5.234464511450407
51,9.353272026889769,5.759843886249878
52,2.254211463195844,6.842949317937451
53,-1.1710417594110225,4.330918155822106
54,-0.4569574304957684,-9.262109063315197
55,-5.984250375490809,-4.000676028600643
56,-10.82477582406969,3.177957359203733
57,7.859309776421475,6.850362988055658
58,-9.384563438242635,4.339730467603507
59,-8.296986380623325,3.755407949852718
60,-8.821339784461292,-2.7958208795935557
61,-9.715936721525496,3.006140759981304
62,9.570398674491658,3.8539272648800917
63,2.8890673808429,-7.670346809743055
64,3.625784628220839,8.557328780860448
65,-7.843101609469332,-5.928414849428855
66,-9.631380489113043,-4.9979379292709964
67,-8.903263720853403,0.1590792667021368
68,-10.398590695442028,-3.1293429289127968
69,-1.0460980406187192,2.0068928800218635
70,-4.964502677989756,6.517851879520048
71,9.85907198672723,5.458075336190793
72,-1.359389585992692,4.054240022349643
73,-10.34269971380808,-4.184188290498674
74,-1.9257784119521415,4.43910441553652
75,-5.412190909586455,2.034698598667143
76,7.862698189687826,9.594563316984889
77,1.7846786992898827,4.1084557352820195
78,-1.125953398324921,-0.38732332174365336
79,-7.797073342306801,-0.49503442832784206
80,-1.1188406132881272,3.941722707274787
81,7.37138622157861,-6.379297471731641
82,8.914766871316484,0.14198926868631778
83,-11.258593416282052,4.15976896880651
84,-5.826290424901075,-5.462882814180974
85,-6.417726704566345,-7.275134919233803
86,6.487684377195472,10.419438550023717
87,-0.8667530400291719,3.7829591391633697
88,1.7452102380659462,-8.965855717866612
89,-9.62368932351901,3.5962872493400395
90,2.1805205443321243,-6.2972152571629065
91,-4.965089866763929,-4.243768094068409
92,-0.6138654981229801,1.7470620174400735
93,-6.522960474736976,5.852013889274263
94,4.040887818720291,3.3832028720575256
95,7.866095766840131,-5.926555492940644
96,-5.069468225705839,6.294531641882094
97,4.360660226157166,7.850700290687977
98,-1.6158909127701304,4.180175626329556
99,-0.3514525924978622,-7.739293569628651
100,4.007145054192826,6.84279374502092
101,-2.36562666934194,1.583790597072409
102,-8.7213370287623,3.689148014617962
103,-6.630626419269117,6.517711093795451
104,-10.685325947514215,4.190166968153646
105,4.2889512893460555,6.646813514725413
106,-4.454427618896874,7.878985963522865
107,-6.764873232133289,-3.45233220082361
108,7.969722421380344,-3.4316346630447176
109,-8.746589045334078,-9.030321422964647
110,6.831755374624612,9.829264850701257
111,-2.1045747901067267,-8.652547804782305
112,2.7613138087266407,4.908966921311563
113,1.2656488505728185,4.2678080401391885
114,-5.61036139695892,-6.116389796683812
115,9.85643858059445,-1.6533116109578807
116,7.552271181241729,10.941014960250115
117,-6.3870470260673455,-9.349246267624359
118,-6.471575293333155,-7.583417855722218
119,-7.14215327554621,-9.391743707237826
120,-7.382508274731135,-3.106503777049187
121,-4.966689042034884,7.36287797089513
122,7.77411200144212,-0.20364951897180583
123,-2.4694513038622063,0.44386995662739415
124,-8.341984016236466,-5.6123476386913875
125,-6.613266233102497,-7.049053778320832
126,-8.983219947474522,5.52473113534668
127,5.0278655124501475,-3.2517692476979483
128,7.379643755450221,-5.2153198178803475
129,-0.9956788931853386,0.8167061110899781
130,-10.701747988984557,4.85676875530077
131,-9.713450055497988,4.272613602505459
132,8.653916251744258,-4.548818261302599
133,-8.64075902390315,-9.790930222555447
134,-7.851894233860178,-2.3693812653785393
135,-4.1765933362712175,-5.4547477070144454
136,-8.72988551199671,-8.274619606143064
137,3.397601279122797,7.550504426820687
138,-4.01385272561026,-8.25400946916846
139,-1.0073260530259955,1.8229791407691307
140,1.0357397298996598,3.267130709779326
141,-6.693733670124706,-3.5679703742664506
142,-5.90233892093514,-3.2372752621984384
143,0.7933334506906856,3.0083463904006384
144,-7.255854528227777,-2.3669883067150237
145,0.9717714276737048,3.302270069042769
146,10.215919337326445,0.6422463133765063
147,-0.8394946661133704,-0.27721139363317615
148,3.524340829873535,6.70826268360068
149,1.8177802676619264,5.291017249837346
150,-11.32966417017035,-5.714037107761988
151,6.203444688790895,9.412062872385391
152,-9.815038617731707,3.184154165997547
153,-7.487739145048514,-8.066763698099757
154,-1.84048020802667,3.802569241049904
155,-9.580410498678239,-3.168577896347615
156,-7.448587037772864,8.873009299979723
157,-4.862573318415182,6.407021211771549
158,-4.888481508200264,-2.5406558744508514
159,6.150900004914895,7.475574210203046
160,-7.449714432490529,-6.695119866014525
161,-1.9696766794665796,1.9716521047360227
162,-3.5175417703952716,5.642653899295982
163,3.9317154368560496,-4.7390477015054575
164,-5.7459160268614085,-5.325871970251516
165,-7.074994805072938,0.12881434158318528
166,0.687509063166456,-7.191331552834848
167,-2.706448044388919,5.404578154580716
168,0.19531012242965773,-9.351834201328844
169,9.132106989037108,7.625642709170855
170,-1.0734644173677883,1.7462209223361795
171,-3.5134379390289743,3.5286367470715003
172,-4.69108062633903,6.42855669242533
173,-8.520281711235357,4.1250347563705
174,1.3419811149685896,-6.923786829052985
175,-9.494575030920949,-1.7123324455851683
176,-5.15645701913915,-8.204120883642874
177,10.139784260729199,1.101867697549382
178,-2.3475140670214456,0.5100077957484188
179,-5.911657306888682,-3.8966891267461925
180,-4.801533340944253,4.460403877466104
181,-4.206901102556167,-7.848442746788117
182,-5.0206464762900636,3.9562352594986328
183,-6.645530962178898,-6.515351880535086
184,-0.07957338391300572,3.704014999176834
185,-8.45935388839413,-8.496624211707637
186,-8.883123540216697,3.6066661953158343
187,1.0412828511053993,-6.845204324392175
188,-9.721213198830919,-4.686620151258517
189,10.562284256278671,3.921560282711225
190,-10.807530118734427,-1.9649486636499498
191,-0.01971358146283886,-9.484090765327243
192,-10.674621607410948,-0.531814498321914
193,-6.114353768031285,-6.541154381489884
194,0.12034159168571906,-8.050151335113195
195,-9.16146018957277,2.9712956960804204
196,-11.219396722123165,4.034015425898647
197,-6.488385132196493,-4.261944007170744
198,1.8141457472164455,-8.872958164629376
199,-11.234565880194499,-3.077509619713905
200,-6.049140113707066,-7.376827428760649
201,-0.7648645959553576,2.9986153555050206
202,-9.679617009812606,2.549966436098812
203,-7.463653788546487,8.14081314807515
204,-9.512090743781076,-8.443424161470332
205,8.215230508669295,-4.973724587331554
206,8.343326050046896,3.824122773521161
207,6.486425641598017,10.68564942711977
208,3.451337205972205,6.070501283608197
209,-4.578968974664855,4.631356960773655
210,-8.57508094463179,7.135920110185385
211,8.401457268587773,8.825386566662944
212,-8.808784513218189,-8.795130905147849
213,3.9577924255154766,-2.869667474351978
214,10.57323959360373,6.0670611110583454
215,-9.652187529262756,3.416739187274228
216,-7.051503414802137,6.952055065739849
217,-2.4441680309204807,-0.23846901079153215
218,5.326222032940688,6.34753931754319
219,-11.180030630162735,-4.6191030655623315
220,-9.041375198042404,3.6007141187069642
221,-2.5422313700433223,0.802334674252797
222,-5.744985715776379,-5.560104282082948
223,-11.097204679444099,-1.4624771866126902
224,-7.1534974348795,-4.926567195025293
225,4.971491766607046,9.884200885796297
226,0.24180197549641358,4.104974469880464
227,-8.868008262428743,3.9274264823626948
228,1.5419929375433672,-9.805072265273273
229,-5.818928772969214,-6.565389675269426
230,-1.9753338076448432,4.209771910688108
231,-6.540081592280296,-6.269455048673254
232,-7.912245365454924,0.8698172448989188
233,-4.52836068321861,-3.8638557462124794
234,-2.8554504691617693,2.0000568920272483
235,6.314716575286023,7.5085900921638835
236,-0.8283761869985683,-10.256671706057954
237,8.13896817337663,-4.421493978860135
238,-9.097646083928648,3.1969769180774237
239,-9.580736016567823,1.983051337375729
240,-1.7765723483814506,2.2744428636441727
241,4.06176852339893,3.8846252347514314
242,0.6798266195104077,1.9997824353897198
243,-4.029711246141071,-5.817448742508888
244,1.5557684357327421,-6.649402338408057
245,-9.234296389080733,3.433715335420427
246,-9.173092682406812,5.049903852123313
247,2.095977066450582,3.6847324084655457
248,0.47049675043629724,-9.384400346276362
249,5.237253016134785,10.149504681495035
250,-11.50044859478225,3.8932338529093675
251,10.08561045594962,2.62758515671605
252,4.527135095927323,-3.937484885986274
253,-6.734738603287269,-2.4444317931087225
254,-1.290556034083195,0.19407637747005402
255,4.0717437749551415,5.111145432756555
256,3.080425005472573,6.103433286664143
257,-5.613452923066803,-8.771264952305623
258,-6.133155234780777,-5.605089320104794
259,7.415483962533427,8.69625612109742
260,-4.35479643052666,3.3260912862495866
261,-5.330624892766422,6.589081142569667
262,-8.245574645969288,0.4659820951583564
263,-7.857783504219254,2.5139086796181247
264,9.912153672834144,0.08455176613078474
265,5.039601630016055,-4.961560958293366
266,9.796776556703248,1.6834583439756934
267,-6.838703978463403,8.61771852075975
268,-2.4293743873613822,3.071307376054384
269,-2.4815914671593173,7.340276043712271
270,0.5909200501798069,3.7060549404740226
271,6.453132766528265,8.944134629322138
272,7.838893775576818,1.5087321285842217
273,3.0681586545803063,-3.9439980956002003
274,10.529983243436744,4.747661821387698
275,10.132394455933634,5.488673295605826
276,-6.256037823392057,-6.3634734214177735
277,3.5369062913311247,5.489623425976131
278,-3.4588443160018576,-6.749233847861904
279,9.11258413329972,1.0061520100556243
280,-0.32810279336092774,4.119182005367143
281,-1.410760744560749,4.109848716472299
282,8.953725073418317,9.350471606829439
283,8.834613631688216,8.208848261615621
284,-9.568435505229687,2.485759529374527
285,0.9543901870705598,-9.136692851237823
286,4.376796101736596,-4.89416481645364
287,4.445897655701019,-4.041379256002319
288,-4.693551619567164,6.9929035995299795
289,-10.239295814071424,4.57090840296971
290,-11.226844124266309,3.0971205421902317
291,-6.528418185005255,9.034851683156123
292,-4.259473341471673,6.889301387059973
293,-9.168671610350273,4.605378224831892
294,-3.7413754680864466,5.437430753403658
295,-5.1751618804518085,-7.582883033629879
296,0.4228457248833226,3.013034487038632
297,-5.1694920393240515,-5.273735200408773
298,-8.874300341631166,-3.648081507119194
299,1.7491952373250914,-2.5313055848802986
300,4.580860644558648,9.992137820358247
301,-3.0326772261952755,4.721649260885453
302,4.472360127387161,5.5612422296561865
303,8.16129191669936,6.1998307212265615
304,-5.8891120378338835,-8.196090973968353
305,7.003469457919331,9.122405092913768
306,-1.1466300855305107,4.108397033740446
307,-9.335771640166245,-8.673676744357508
308,-6.1138945645454665,-1.0999529438606215
309,7.385192754091122,8.158063414445198
310,-0.6732247181272776,4.620023770178603
311,-6.758441430010285,9.675472187894599
312,1.794320722535793,-6.2963433208897035
313,-1.6520998936612956,4.741428989709098
314,0.43594377546058394,-7.882158795640199
315,-1.3090139272844121,3.09420645760573
316,-8.608933107282834,-4.614692790516223
317,-4.567720283180524,5.273518986609144
318,7.33834176080557,0.9166196051831343
319,-4.273876976599897,5.315313291463859
320,7.203902130569122,7.0468030367005445
321,-0.7958925005663792,-0.18500027218689596
322,-7.11980447074497,-0.6353343568850169
323,5.340222576621734,7.315008368735338
324,-6.197339920764825,6.691461078166946
325,1.659317181683948,-4.009609967006758
326,-5.439657794489259,-5.077311373987903
327,-6.872218604400161,6.104024267425753
328,-11.1992835629809,2.6120903200034737
329,-0.5512336029168172,-6.205192362299584
330,-7.968156052067191,-7.043567440258398
331,4.440521296573172,-5.038862586842518
332,4.177897241262825,-4.154381848703348
333,3.8097405153819497,5.695773666642014
334,-11.967172760447253,4.223975218552332
335,-2.8020781039706595,4.057147146430284
336,-7.690224185123727,-8.747071171878554
337,-6.957500492268312,7.715431558709756
338,-7.180824656939908,-4.607037420459788
339,-5.757722852649003,3.847507083328108
340,-2.91754622653621,5.483201166764617
341,-8.905565763727093,-2.6716379453867782
342,6.102922144266401,6.988690543717451
343,-7.97152935147604,0.015838059622729883
344,7.609006001570772,-5.007463236794669
345,4.402047121613645,7.588835084816328
346,7.6243464842145405,-4.199756649676996
347,-10.185110102719756,4.6854201283079675
348,-4.92694276842941,7.002667305900351
349,-2.5673473623122334,0.5498914162463714
350,-4.063888058323234,-8.734231850973979
351,-6.731861431552749,-1.5819505641142237
352,-9.261778336984436,-10.47086176774968
353,-8.88332952687331,-4.539872486184797
354,-5.0419074205024295,-5.096104043060299
355,3.6744172727966173,-3.1085024355680204
356,-0.986024391293125,1.1434997894762216
357,-7.066528670459293,7.321186283917999
358,-5.937147809422525,6.774519800065773
359,-8.728220484604002,0.0884757008815007
360,-6.5982389164288975,-7.119541236684544
361,-1.5394009534668904,5.023692978550581
362,-0.6207353040891055,6.59346951581742
363,-1.3445861504527987,4.091105331788142
364,-6.39048607883687,-8.875620010038196
365,-5.947236293923353,6.729953380130218
366,-1.4070130353585832,5.259406002268279
367,-11.427978277915312,2.8204190275242995
368,-6.791144069911231,7.543348206271591
369,2.563554404500432,5.709774467895312
370,-8.11280356687879,-3.0985937165318598
371,0.7740362503994072,3.94981285712431
372,-1.0013834361066558,3.355405817019638
373,1.808326997709556,-6.260284227578811
374,-8.061901979187422,-8.26002209140327
375,-8.014746058467592,-1.7012430098979228
376,-7.509690379426194,-2.0547788975433092
377,5.018681007434792,-2.0485511941712233
378,-1.3471112983472664,3.7719548980130946
379,-5.378922198689834,-4.658544846732136
380,-8.559494684749158,3.5675256065465173
381,8.699015627467984,1.3861283828605937
382,10.461366054467641,0.8019011785788737
383,4.546007707443839,6.538866113006032
384,-5.219279780483561,-5.804350422387892
385,-7.673608591113059,-3.0070176403334283
386,-7.976007271577668,-1.5846668433877364
387,-9.730422146355176,5.0616287295104305
388,-4.631543895028806,-9.472276649402318
389,0.8158149087621173,-7.867158477096823
390,-6.689642673734818,-2.6368394218178217
391,-6.829069744256039,-1.3170474343131435
392,-5.892009888515998,-0.6990546578670734
393,3.50129803720826,2.8215940467796674
394,-6.758908865807382,-2.038214203361688
395,-2.199443644682325,1.8255529708197067
396,10.119995189150744,5.085291276537436
397,-5.121066675285659,4.6807355186380395
398,-2.002375092776758,1.7115016563559209
399,6.093583423351419,8.171862824025023
400,-3.922545608214751,3.060331043146114
401,-6.054755006323014,-7.233210171376282
402,-6.448401283751564,-0.44236353110293325
403,-5.126973286747915,-6.765758094678151
404,9.322293935507723,6.949852285323935
405,9.269320481549853,-0.6078620236290606
406,-3.404924230438601,7.2183429956519145
407,-6.745936390135882,-3.1042751992725197
408,-6.8385845070288855,-2.9990990518164544
409,-0.48918260681422043,1.982942578102707
410,-4.468227115579302,5.993411836342766
411,-9.718556985812153,4.025485588876552
412,-8.575982324695293,-1.165984327947354
413,-8.126663457771697,-0.9004404337236027
414,-7.011577490961909,-5.6276703693602155
415,-1.3439249587069142,2.3842886530191585
416,3.2229013540925573,-3.569344951870911
417,-9.259085931136775,-0.8652769364084463
418,2.6953459780979037,-3.00427093219316
419,7.771402697638057,-4.415595159810694
420,4.9214942572091775,-3.702782791223915
421,-7.517176604383081,-2.338452256812179
422,6.511396411869011,9.441208804810673
423,-4.6424853043389085,5.392604236126954
424,2.1106938254461594,-6.528214014022548
425,9.971534965370907,4.916075509096067
426,-7.155630464360743,0.6256487561769954
427,1.4753240651335937,-5.60732767953578
428,-3.1426628757246973,5.658104958107841
429,-9.077757789749976,5.378327373395832
430,-5.296081712778443,-4.481771606128697
431,-5.303115562764941,-5.093835407781375
432,8.118321394938654,-3.867903484518694
433,-6.860364176609878,0.18953986805484657
434,8.164322977119486,-3.7948297766308006
435,-0.698267404715287,-8.299831613920633
436,-8.59826904346529,-8.93341289918053
437,2.5003062150316304,3.3741205581974145
438,-6.807218411709184,-9.188892809170678
439,11.241913450700938,1.0440491527702298
440,-10.114042861248697,1.8232971903353377
441,-3.4207564542426736,5.397669548503737
442,-9.668445253208773,4.721386978348665
443,-3.9486195757626286,-6.565072215379059
444,-8.92557231893449,-10.5374268467469
445,-9.008205589326092,-7.800733740254712
446,-0.8205764920740146,5.337591950146718
447,-7.064946592523236,-6.108919893203283
448,1.223829704948791,-9.863062695765539
449,-8.781665569976463,4.06783794618678
450,2.1924837124161947,7.469332722278251
451,7.08278804320485,6.675862247494807
452,8.682535329645416,0.3566713187577382
453,8.813467384219363,6.409841729985332
454,1.3458773937337192,-6.530772052556099
455,-1.8684541393232976,4.993113060025359
456,-5.4625743545879635,8.687672226483162
457,-7.087693725375136,8.472924707523896
458,4.21094774819483,9.634930361197721
459,0.8746370064975364,-6.335614890366399
460,-3.245753688158424,0.31640457563255764
461,-1.0913592196372806,3.227265801465858
462,7.575317668085868,8.125412997132988
463,-4.653883486824835,-3.894970276521269
464,-7.280793464314916,-0.9218323184804215
465,-6.812505112242539,-0.7180164141058321
466,2.201411793209035,4.387124936595952
467,-11.073428812160236,4.109276157559951
468,9.88447056904552,0.29134575862158657
469,4.877695018264378,-3.7814515732368026
470,0.34590204655758394,3.8254156318151455
471,7.079459939198185,8.584822181711461
472,8.854439488232972,-0.7709080175287661
473,-5.543178418818348,-6.207860468799647
474,-9.334581055605588,3.5442201163680216
475,2.1857798821685424,-6.176606164926882
476,-5.592940708950482,6.672077175710658
477,-1.0389863611335803,-9.971283279508416
478,9.092482072456285,5.0056298668378325
479,-7.0871769485148945,-2.469757155117665
480,-8.971402022776306,3.5186685674734792
481,-6.284766913388619,7.289472930192642
482,-7.987887840884449,-6.748022767295478
483,-9.505375947716452,-4.63402668837209
484,-7.513620216329361,-8.825676143410641
485,-10.037005091164096,-1.7076292101540935
486,7.663887509806241,8.96506436807374
487,-5.6131146959806,-2.1024332789269806
488,-11.420966058081143,1.8522769913209298
489,-1.9016101987679863,2.421296141123902
490,6.66004402663931,10.64737334447727
491,-1.1901895354312884,3.7534704050768206
492,-6.04085858766154,-1.4369601967877845
493,-9.076673515924963,0.7995013759847267
494,1.8229784355726637,-7.633119914784443
495,-6.190367342605815,-7.605342784250067
496,2.42199378757278,4.422556956637726
497,1.4577210665901839,-5.575138703313364
498,-3.2422972430586507,2.7296200561500314
499,-4.671750161497579,-4.90309634571059
500,-3.944445796413189,7.434334364103625
501,-0.4635105769235006,3.4801542358116917
502,-4.7496693120278435,8.63231426676904
503,8.000898438362702,4.161366004395127
504,-3.586529109814037,5.864574165726645
505,1.0948222397921246,-8.674281217278924
506,-5.155562976178795,8.263330849342152
507,-5.402970668754271,7.238316398798901
508,0.38547835948251197,-9.471947989352621
509,-11.217456900632135,-1.5039798983018073
510,-7.10025010853645,-6.042623051023336
511,9.312035431002336,6.755636076949638
512,0.018711249402865282,-10.26277866756387
513,-6.618696481656975,-4.08895464901156
514,0.1993858742572719,-8.341014912310868
515,2.6325087509850302,7.600435524860283
516,0.5260155005846419,3.009993533355024
517,-1.7524118263736015,0.583013039593135
518,-5.528033980781366,7.87406837357886
519,-10.745607385423986,7.304520801680203
520,9.837680156137647,-2.1233404287448208
521,3.2739202208250897,-3.8940721942443806
522,-1.4702703783993396,1.0873696950732255
523,-9.9790289942623,0.9008244170765514
524,-7.7485291967115915,-8.638612027415519
525,-5.676698319664049,-7.49953739433249
526,-3.3351112917720807,1.0593302138781406
527,-9.06095046318289,-10.178436158237288
528,-7.351661413205393,-0.8438356899800488
529,-3.9599174628630673,0.86606379751179
530,-8.700993389909907,-1.5729087242754098
531,-8.295531025407273,-2.2003849535079816
532,6.323095507347131,10.48072088848276
533,-3.7025002773906306,4.066191648506237
534,-2.68398628842066,3.6277106452294583
535,-9.214794825992897,3.2731653868256583
536,-5.601138246762162,8.613669495667658
537,7.53255087769708,8.446385809985708
538,3.2341479933790254,-5.739358413277006
539,-9.16363142036467,3.467657586312128
540,-7.370305159350388,-0.04415223872469243
541,-8.147281583470374,-1.767614666342673
542,0.5092185943853517,-5.985615711156005
543,3.1671895091960893,5.441014034407395
544,5.529230364574168,6.457102479910741
545,-4.733577604216682,-6.820723884437117
546,-2.419613363084415,-6.039156545829424
547,-5.8069016156605615,8.090352149890744
548,-8.31740982901273,3.280095124003936
549,-4.83473278308823,2.75690121492324
550,9.567417401142714,5.479429972063434
551,-3.6444609893230817,-8.40956720282968
552,5.173322035534243,6.211874064196902
553,-8.277003143333422,4.529249207124183
554,3.729405548556712,7.099273163697622
555,-0.3858039757897429,6.373591618097896
556,2.5723265902404577,3.7162871254881
557,-8.189099189279432,-1.499792144163989
558,-3.760553758662555,3.334827582597757
559,6.668411729002891,8.922135758643657
560,2.771805737859392,5.809491707580599
561,-5.1891247535997005,0.8471299746344836
562,5.243859302161152,5.337241973649824
563,-5.305589861948877,3.9470457310660074
564,9.452530117871982,0.49464341271638396
565,-6.860614135818255,-2.399447984471751
566,-9.63732669107372,3.9050135896680302
567,1.1612749619898755,-6.504622475499153
568,8.632739046271658,-3.8306904333568927
569,2.937154818932033,7.656450361656376
570,-9.513042795826616,2.064370747723876
571,-7.240622554775284,-2.8449548004011587
572,-10.402392929490295,3.942612480074044
573,3.9209754737726596,-3.08929288376355
574,-0.610423031622888,4.057957223937819
575,2.3631602307548896,2.5219866409318246
576,-5.174444769653035,-4.103574066419557
577,7.114300791794886,-3.3607685652587818
578,-12.790797503799642,-2.015819733747125
579,8.395356523071657,-3.0821496538557405
580,-4.6501917612977595,-4.900155454984852
581,-7.798292042288091,-0.10103389127277218
582,-7.548740961111944,-9.301499574304028
583,3.604764314730323,6.279519099854829
584,5.65183792271604,7.933164488239043
585,-1.4270653467697816,5.089041275707647
586,-6.859394661823448,7.1388704305933715
587,6.829212383870913,5.563092147649941
588,-8.524535854962519,-9.51599175656624
589,-0.5552154516103402,2.327009190289756
590,-2.270650377718627,1.1604923476075366
591,8.434044459339372,9.35875801034966
592,-6.7757849468352385,8.17109781016061
593,-10.775542774972825,4.687283089497622
594,-7.160943003323364,-8.923464670683714
595,-6.74095062927251,-1.703794115490406
596,0.3309050497455726,-7.543906597680163
597,-7.1404749275085475,-2.3098793845041437
598,-8.590172503411873,-3.824246967652479
599,2.338379417231107,-3.2568351525004484
600,4.744308656337965,-3.541130830594815
601,-6.550641835007726,-1.8598298734883474
602,-6.166255709347857,-5.389009704457607
603,-6.606553578257371,-3.4092102158721653
604,-4.8084285023828315,-4.870300665381223
605,-9.102083409338533,-10.0958172861005
606,-10.723309622787529,-4.821117224986795
607,-6.697650369773874,-6.9203289122478076
608,-6.351719686444806,-4.585902158661206
609,-7.2936480125279015,-6.539866730060929
610,-2.185258365446075,2.642593246624342
611,-5.872535316123399,-5.124019403423309
612,-6.239852183082842,-1.6348678775302272
613,-7.357454924711987,-1.3267646292376272
614,-3.412415456640265,2.247074536758508
615,-9.371641074595399,-8.928862970986849
616,-3.862861659196609,5.417854594205787
617,-0.39816881113275704,1.7637090435702971
618,-8.13887659281561,-1.5369821133705515
619,-9.68548176601596,2.2332811871757188
620,-9.43927883832625,3.8553762412251382
621,-5.638212363031951,-1.6795320697750364
622,-2.333021819507178,0.6446590537801206
623,2.8384327661282045,-2.6436722590290485
624,-1.3133132802261167,0.9167301165144891
625,0.9419710653156075,-8.181394762468141
626,3.133927303152976,-4.482832694973393
627,-10.676127786616721,3.9676144221356813
628,-7.564393143971446,-5.122351332809191
629,0.04101492610882129,5.122064020934551
630,3.7561505331622893,7.221724742211597
631,-5.168295480657128,6.780021571385678
632,-1.5817387780358136,5.024870130841686
633,-1.6339272609880433,3.1042512086995773
634,5.382301231121162,9.155384565861032
635,-7.880753855970843,-8.489461261561367
636,10.30979717302469,0.8392335919201848
637,-4.480311354200168,-7.136118850859644
638,6.891936347337058,8.143606714548149
639,-10.109884530373401,4.433721743153809
640,-5.234706619292487,-4.00722549743907
641,3.144883273862982,7.524865253385089
642,-9.207348912735107,-8.983396968646753
643,-1.0508680425307613,1.4882285026675044
644,-1.830763554160127,4.725638134034091
645,0.9621093906911922,3.5647212379275866
646,11.660251314452756,5.748250809892046
647,-1.5115955002174255,-9.026110179609715
648,-4.117504530343888,2.1020799388323894
649,-2.657111800539871,-1.5285732577029991
650,-6.025281147404346,-5.7692764225883355
651,3.0870108404902625,-7.086899611507499
652,-1.9146342366587976,1.2398690017988043
653,9.784482262115745,6.6712992685155905
654,2.0666378778037453,-5.276835849954753
655,-0.8744120866052486,0.0874956617041418
656,0.5230992003152142,-9.025086370758554
657,-5.842386200275302,-2.5745300123289803
658,10.906152569164755,1.1395895151673254
659,-2.458893105520649,2.8478858985970765
660,-7.184312789669932,-2.45458832161606
661,4.104594665587574,8.143848553707995
662,7.599196410192935,-0.18621307695446887
663,-7.21752639841559,3.4561964084263455
664,-6.1157067822373286,-0.7041125646982227
665,-4.541656467458852,4.461114899511637
666,-4.336514327988024,-8.049983845557405
667,7.155718364910808,7.976430660987238
668,-7.112718829650058,-2.964216701174477
669,2.820537543631854,-7.687065993512902
670,-5.40952541547632,7.083734653957723
671,-0.34100854112773193,1.197153596484691
672,6.813808600900068,-1.682338989645022
673,-0.8905591938553712,3.380185788449979
674,-4.076600255613621,7.396468046412453
675,-1.6212884695007836,-0.10383976616620116
676,-2.6777032689836586,1.7415613085706865
677,3.9179494093992746,-3.1221719813599553
678,9.256293732943613,4.104152689428743
679,-2.0829223597640585,4.2792425130208205
680,8.588797173097738,5.8316534687569845
681,-7.946539060795657,-3.3676865471908224
682,1.3908087847949153,-7.502159398324668
683,-6.244641010619134,-9.81047058560908
684,9.29544540406417,4.5942011716402975
685,-2.5207680705352864,-0.20355557159466175
686,-8.95795294248029,5.914973157050375
687,-7.5071114631709115,-7.829700751022613
688,2.5869616511859324,3.4770164068986125
689,-1.4838619330143197,3.141153403817734
690,-0.030441849364373885,2.3302401753086803
691,-5.480004112389018,-5.451251640517864
692,3.0060971986589458,-5.0087786098872105
693,-1.766614037584556,4.619889275997763
694,1.0798060369117226,4.840561117505332
695,-2.084584579731409,0.5758280264147952
696,-0.8383035929465822,0.891790666504073
697,9.407583076958938,-0.49421113826421914
698,-5.670449453222289,6.562922226460728
699,8.55571998065478,0.4096853098663635
700,-5.229801362772685,-2.480270760654195
701,-0.5279305184970926,5.92630668526536
702,-5.517167274120332,7.334208037118451
703,5.766585540323809,10.76773304067359
704,-10.827884398968216,-4.833926147207375
705,-6.497209800976491,-1.6186251153133044
706,-8.964641757204461,5.356019553374665
707,-10.335018207611432,-9.879812811402427
708,-9.573142394680477,-1.1572541082138432
709,4.450200765714966,-4.852308814264765
710,-6.643688522102914,-4.158997127498553
711,-3.3352515565288456,4.667266732150219
712,-5.230164557008052,-7.588845249129731
713,3.493253129729169,-3.7505048544142543
714,-7.715636167994632,-1.4041672272218735
715,-10.452992901828777,4.847758892859169
716,9.615717663580927,3.1128139548157714
717,-6.132544399920264,-2.5752799791504972
718,4.309678194910633,-4.326422404069365
719,4.554226589269044,-3.881464223269806
720,-3.6186643541462398,6.07406245729517
721,-1.5377386349570825,5.535973776755081
722,-9.265070980836931,-8.900211792561889
723,-7.818868672692377,-5.2658505408617255
724,-5.40382596991434,-3.597242593414445
725,6.520254815023287,9.880096352243795
726,5.3720177785911005,10.200289879749098
727,-8.771991331633995,-10.625968445839876
728,-6.553331908675515,-6.503629950736258
729,-8.121732312058368,-2.7955363895256493
730,-5.525352713025326,8.28063946357325
731,-2.034844856038634,3.7677594613889394
732,-9.239787381941062,-1.6404869344785913
733,-2.5844245563460717,-9.023850086319685
734,3.585225439155075,6.520288449110314
735,10.709474905385242,5.662901982477374
736,7.602659143809434,6.105197866297165
737,-8.837373933659332,-3.583855830987481
738,6.805120360657414,-4.989432949446605
739,9.688238772780045,9.891125283974056
740,-8.959706233776762,4.412240920130845
741,0.6723242446393295,-8.482723238611127
742,-5.81595889530049,7.643099716441927
743,-2.1240184179351003,2.2253240842253748
744,-8.08159214206984,-5.916715264598846
745,-3.7699988990999227,3.363725451020733
746,-5.152883985379735,-7.275976778604377
747,2.0043142905400195,6.1706376262590386
748,2.5736183972890334,-9.442967060273594
749,-9.897315706053645,3.9025399027536567
750,7.713458399679652,8.529158588871805
751,-7.931929183434267,-5.424505473195829
752,-1.1300945815958103,4.544191078840548
753,-6.773929793739239,-2.3298249341098973
754,-6.473793956250307,-1.2223140839869195
755,-6.675708762052953,-6.295365214809254
756,-2.3064765942034278,5.307976760491872
757,-3.4133469621838435,2.078870216553319
758,1.7531377928452265,-6.298759790443056
759,1.343470744401765,-4.413288822439688
760,-1.4612601858217498,4.525498514650621
761,-5.126977615863925,5.459357286786434
762,-4.222993544181287,-10.109822298101946
763,-1.0796988436673902,1.8475871079130297
764,-11.114182521537845,-3.872421446389926
765,9.567455311627391,9.488905168098599
766,-8.772946991091812,4.8368971548953885
767,-6.865173304669937,6.730136555803474
768,0.1119222202537129,-6.909928129546138
769,-1.9566196980742558,0.8057522990379046
770,-1.4455510312032085,0.44544648346766125
771,6.069447106556803,8.843515082556893
772,-4.407060884843953,-4.302691905498903
773,3.6425214023703822,-5.663935142516692
774,-4.697018037377984,-7.81038540513149
775,-1.0984296528082598,1.5022515325879602
776,-6.2639710131702575,-5.954581381066515
777,7.45738596534609,7.284669168144185
778,2.4795667871197034,3.8632104123665485
779,-3.5202827756551036,5.894107150529839
780,4.6088775712563415,-2.7060487376630222
781,0.7251436725226019,-9.241821970367935
782,1.8209228052769735,2.7884581866625386
783,5.514181007917205,8.341869312901103
784,-5.010258081139623,-8.099818567825697
785,4.107848344929634,7.922812782763895
786,6.566419243359313,6.46511764136532
787,-7.453976107588963,-0.7333290603220739
788,-8.193498531415026,-2.939301540047312
789,-10.02640342843038,6.3843857144841465
790,-4.968589707311134,-3.693388428303421
791,-1.6841768618242978,3.631328249674002
792,-8.888545443855548,-8.77866983096213
793,-1.8818880485588787,4.205731799913164
794,-8.438906963033242,-3.8439458509377764
795,-4.803736983146166,-6.252103847414343
796,0.8163200351237586,-7.859162613804264
797,-4.831918843950273,-3.628467021341537
798,-10.731674292354999,2.0691410276645437
799,2.2850052471231073,5.405171057625275
800,-11.760286649669775,3.7364186111374114
801,-1.5535122302579125,1.495122402377621
802,6.909563178164799,-5.088637400397111
803,-2.7657220434329814,-0.012755132029975025
804,-3.6680913374051825,-5.68477346436112
805,-0.09817890685859797,-10.11905194370435
806,-8.157174218705773,6.880002224136522
807,7.752532943000039,1.4053622791763685
808,1.0677051536830167,-6.661030696200438
809,9.108326278504242,5.785610157915684
810,0.9195737140214899,-10.872512907891743
811,-2.0829653468195355,5.305225524152553
812,8.516293688139907,8.93357290445409
813,-8.750086658000798,5.466103521775941
814,-6.804214997646923,0.007873961781315497
815,-9.464333774634477,-9.644323360147315
816,0.21131846901793877,-10.220297375045378
817,-8.775514319173636,7.753237305862898
818,4.087671852846713,2.402019684270094
819,0.5951645602515465,-6.988101254866003
820,9.50082238172825,-5.262775234155455
821,-0.9356875700956068,0.4276228582576864
822,-8.93804316129304,-7.232612986569089
823,-0.44863230073063426,-9.719585010381552
824,-4.186894434059019,-7.394214615622816
825,-0.4130816915941098,-7.111716512515741
826,2.0085173782109558,-7.515711626736275
827,-6.904006736509364,6.603817451607546
828,4.2027088706918,7.2969605184602155
829,-6.883979151061627,-1.4082527365840387
830,0.39013859569787446,-4.978913860039947
831,-4.077487419355273,-6.965105481771543
832,1.8496688798818255,-8.613061729069823
833,-7.291548787206315,-9.25928954322597
834,-9.831367746842314,5.207269569956155
835,4.260939766418252,8.119842824884294
836,6.794154965046685,-4.014162027878265
837,7.941322736839036,5.302338217207358
838,-6.591636101515404,8.77094952972881
839,-8.771269208727425,5.171959104984692
840,-10.108159530070418,-4.570710611075565
841,-8.912531930205823,3.3066748733519775
842,-10.087737572029843,4.181980927462567
843,0.944665639418861,4.295855928819555
844,-1.2560682641577197,5.0000683920802285
845,-6.607667863379386,8.261196361202654
846,-9.23890684355517,-3.0684397328983213
847,-9.867675501947371,5.091006003361336
848,-6.452466191733264,8.13260135959293
849,-2.42726260296386,-0.7088217712583154
850,-6.344923138533725,-0.49901575503518913
851,-5.6847583444207235,-8.771179913951984
852,3.8433206707147605,-3.577323534223991
853,-6.540658188188352,-3.9385443338715618
854,-7.302824119409921,-6.9979402185358195
855,-5.647398370846165,7.022225335684052
856,-1.9665069663225319,1.2749996554133531
857,-5.917981807258256,-8.202930683782721
858,-6.69928856301751,-3.820316440869378
859,-1.6568094029330016,1.113166266635791
860,-1.9193393452201264,3.3289624909243067
861,-7.003062476270226,-4.814034209385527
862,-6.109892455653547,7.864308773225052
863,-4.181802304770991,6.888832761381781
864,-0.21824623754887995,-8.85295958883835
865,1.4551194895444697,5.237130779550033
866,-8.06427432649251,3.635549960411201
867,-1.321293971872739,-0.7332380041569044
868,-9.362972287172393,-6.65346185772818
869,-3.6916844921106082,5.0503361090014645
870,-9.343132351066401,-4.004536994970869
871,-6.651855944751492,6.321455808659556
872,-5.153719173459192,-4.771319707839931
873,-8.40082488636559,-11.01820346489374
874,-1.6543847699897567,1.636205651864051
875,-2.7544717516895614,4.575872301901829
876,5.597393550776568,9.497013814905474
877,0.12957546797636205,-9.065385668029865
878,-2.642868409748998,0.22393270942737453
879,3.2508824825694798,-2.8286411374726685
880,-3.624101813763817,-7.663491718002193
881,-3.1966137460202675,6.482228093762217
882,2.6699842925595982,5.914815819384271
883,-8.947194383749379,3.1423460242261294
884,-7.926891257995543,-2.1007764594218616
885,6.025603800138464,9.909355597975503
886,1.4837384110360188,-6.384385628822971
887,-1.7960046498445525,4.287435681068351
888,-8.60045849852616,5.043952704937459
889,8.90119574459961,1.8279768617592769
890,9.278793877044416,4.658569481785327
891,-8.09305379531212,-2.8422918488027
892,-1.324413985895983,0.8812176335551254
893,8.170169890305976,1.3227245061960224
894,1.6152322237851018,-7.003901596592293
895,4.205195946400835,6.946288245458461
896,-1.1255486681244655,2.3091069828698636
897,-6.271471840120817,2.956490803065245
898,2.357348167202215,-8.114797634053922
899,-1.665638167034018,0.4632958942480786
900,10.024075049215567,5.304702134672162
901,-4.975807225778576,9.374876542936448
902,2.309468628390603,-10.711443825444146
903,8.695941098068992,-1.1150124256713292
904,6.490210886093058,-4.797552383503862
905,-11.6484337694772,-4.843904131526253
906,-8.215246249616412,8.28541651573929
907,-0.05942759561758115,-8.090622845647887
908,-4.834485985739515,4.6059459063813755
909,-6.064191167136743,5.129840215171795
910,-2.85505960791091,0.8747016021538894
911,10.040589669116565,2.163230862962428
912,9.02596090245647,-3.466161256218548
913,-3.9692751308853915,-4.501586901754072
914,-8.226901059691816,-4.491114604592181
915,-9.577923533279776,-1.09910236873201
916,-8.56976874154627,-2.211222167436611
917,-2.6911931220124448,0.24925535733898596
918,-2.9633337087052474,1.0959916220117325
919,3.927922525454537,-3.4143791003325403
920,-8.491437604178271,-6.3852681563130185
921,-8.406539778727577,-2.898954073554825
922,0.5763701951442188,0.6250357397626483
923,-7.3273071791449915,4.0541370468902445
924,9.158412838059803,8.064949354180605
925,-5.711195450177024,8.495070141507
926,4.206207972005352,-3.585055056538288
927,-11.239985844459317,3.2235393467877156
928,-1.7382637270457877,3.023538433917873
929,-4.194854404651474,4.143409681143591
930,1.626862006843246,-7.641389462667361
931,6.954422316663639,7.774885592947388
932,-6.499187113028258,5.443199408016576
933,7.173902012373688,8.209431242900415
934,-6.370672686407719,9.26783224557435
935,-4.352723775606218,3.530212985754061
936,-7.965670403520105,-1.09266994623641
937,-11.129902576826932,3.829342011541006
938,-9.379173372866807,-4.3965204780638425
939,-7.144803995637434,-2.7195949895921707
940,3.3760293084848323,-4.130049311158693
941,7.332260366439337,-3.790582790147556
942,7.709038329338467,0.6219288242493151
943,3.3303843647108176,-6.482051969082821
944,-4.012259747027937,-7.178079974677659
945,-10.95313776602679,-3.367438116260589
946,-1.2181954623799376,4.3063346355596615
947,-10.434409094070144,2.9620420418146667
948,-5.7981801855948945,-6.626749825470945
949,-3.103673711378109,3.90202400589671
950,10.293129831129074,-0.6094699380048134
951,-6.569462810317219,7.827770025298463
952,11.124821357758824,6.980703467816596
953,-2.6133865622537567,7.548744852579343
954,-2.279560749896649,5.104521902915381
955,9.871637185376098,3.506622793568722
956,-7.487162927281965,7.8616850876566975
957,-6.90477231767107,4.88872923089643
958,-0.6869899574864033,-7.878965791197097
959,7.505423673897918,6.491663292952547
960,-4.701295120102617,-5.378285780870144
961,-7.214697209171561,-9.329001293661015
962,-9.478385184831527,-9.930794480430032
963,-1.1717282042240003,-0.7054904225351348
964,-4.813903391983504,-2.4963126577150248
965,-10.634350173062847,5.549884528544808
966,-5.5532996249413635,-7.36346148399741
967,-2.0034135815195953,4.450086725677409
968,-8.18576751743115,-9.54364659938332
969,7.516428427888875,-3.244274853806117
970,10.775892367029282,5.295007151858236
971,-5.263030193056733,6.210699342501233
972,-3.963462574705896,-0.34077601237197364
973,-9.707101083285364,3.268439451177886
974,-0.5204717749562668,4.987301461552214
975,-1.6619763980038718,3.4856565489674813
976,-6.724102075484635,7.5657583557463495
977,6.720060679225703,9.12555817937621
978,-8.63333667789391,8.170796654677396
979,0.5331176177771698,-8.612647914771387
980,-6.113874990566835,7.801645926111212
981,1.5157005221646684,-5.304856182051676
982,4.128090341512427,5.897074503205471
983,-10.375326093125805,3.2791549953663686
984,0.48888259933811684,-9.51496636197188
985,-7.211577234782904,-5.768572765497563
986,8.987835569843345,-2.1051412583192484
987,-9.071692669591261,6.681646698393382
988,-10.792485731081758,4.566667727693329
989,0.989447536773256,-6.270481248775693
990,-5.446902089534314,-4.14711863672842
991,-9.902287416461844,-3.031898478703693
992,-6.9384456663451894,7.943522246226378
993,-2.4222879238875614,3.7534517003082932
994,10.084710980780152,4.873354655075526
995,-5.799617738986681,7.5428261694986345
996,-6.227856201897997,8.203334594202413
997,-9.723306414093003,1.0051191868966947
998,-4.429326336941873,3.2681265963664963
999,4.395245679690076,11.370372039934542
1000,-1.0849459184778794,3.708390849910566
1001,-7.853952057841048,-3.9174134379954504
1002,-9.1761453821182,3.1623337126823086
1003,-3.932618331233773,-7.949572786756914
1004,-1.1710130015895324,3.8025022541571816
1005,-1.0849998621547443,3.102596874269151
1006,-5.856425855105776,-7.037526301839558
1007,-7.738634103712948,-1.5129727863592193
1008,10.8587076986401,5.964099013371251
1009,-5.494768637107953,-3.718227063192825
1010,9.190133220600451,-3.9148082457378695
1011,-4.372246250510549,-8.130886716953986
1012,10.950403674642546,0.024209199263548475
1013,-8.083366837379291,-0.2902085950946742
1014,-3.522504156745107,2.082044232755564
1015,-6.678758751394211,7.19781067811227
1016,2.194730507171539,6.772220193562676
1017,-1.39202847371712,0.5867675637602298
1018,-9.711479678729898,3.3065616912333393
1019,-8.81300144733124,-2.334684740421814
1020,-6.870463653356873,-3.3979067777809067
1021,-6.750943919981898,5.264142847281056
1022,9.437191954231706,0.7780895108609748
1023,-9.654942043748939,3.555002020854532
1024,-6.526469980078007,-2.7060702854146808
1025,9.363652591460696,8.079421964216603
1026,-7.0656209058158606,-5.110779154590208
1027,-8.409149102591886,-1.5131918065292846
1028,-8.324496791091246,3.459643442595093
1029,-3.137614794098246,1.2714932912674555
1030,6.992863033603836,2.575135211501558
1031,-3.1137182605552174,1.0929935752237934
1032,1.7927414629144993,3.494569730982877
1033,-6.4581959697666065,-1.987785256470563
1034,-7.837317404284194,-1.736319916558967
1035,-7.893559881519095,5.779080392632948
1036,-2.8588279382837056,5.2698351863871835
1037,-10.87499402257129,-4.82113577023613
1038,-6.850572629222437,-6.163142882889453
1039,-6.0249810719758194,6.666719632341778
1040,7.731980106567056,8.560954521664737
1041,-1.565792625786969,4.354713222187536
1042,9.11789532713319,4.407755972139379
1043,-8.509540229423155,-0.7337322144112104
1044,-9.434951407034076,-3.7126114551254723
1045,10.47732129586026,3.912703728418713
1046,-7.867592400201291,3.3961526815374494
1047,-4.2792634917388535,8.423239968837336
1048,-8.737379721625272,-9.239657596940777
1049,-6.305327935025152,-1.5071880691830528
1050,8.57942606847078,-4.198727896443819
1051,-8.255282799017005,-0.6695078097297065
1052,-7.083642968918711,-2.5313460062810114
1053,-9.557465689887424,-9.852696389039039
1054,-4.00969747399864,-0.13908968816456724
1055,-10.776289354946815,3.1752711394917794
1056,7.965851667582463,-4.8108750761084424
1057,-6.888671469026548,-6.838757257869192
1058,-9.086429314572754,-8.971981604203597
1059,-4.613596534219688,-7.323087919981217
1060,8.367317268706982,7.236516582930601
1061,-4.331397983275619,5.733362580872792
1062,6.9761028021097555,7.575501627491487
1063,-0.555782202777297,1.9932223483106977
1064,-0.9383021408142929,2.5978169405433054
1065,-9.33669221605441,-2.1611903383876374
1066,-9.717047426530462,-4.026461251110482
1067,6.6814812925393205,7.82947930559606
1068,-0.019208105756242322,4.603189232257513
1069,-6.093757028088712,-1.9816100081899823
1070,-8.603675429402381,-8.601123289340164
1071,-3.854229995602731,6.0915273531956595
1072,-6.288551794877368,-6.602134148847807
1073,-2.35952789629504,-5.545483451535246
1074,-1.1625179353142443,-10.262456919438474
1075,2.2004205742570067,7.065273920335747
1076,-2.4850773558428627,0.6098101105048769
1077,5.234815537519432,-3.984822705863252
1078,1.4114807816812418,-8.925965110178149
1079,-2.3717724770360693,5.5558279025087
1080,-8.125123527369214,-0.18045908637265828
1081,-4.180862284367536,4.931703633756225
1082,-5.887246717205754,-5.6112934071855065
1083,-8.599838973141651,-2.2577913006754096
1084,-5.740728754763125,-5.544120419092865
1085,-0.30088453182835906,4.071813655993051
1086,-1.4514446460848978,4.482564187034757
1087,8.122752432739285,-0.7754395736301345
1088,-9.068261247683571,4.314726991673392
1089,-8.352704421964761,-4.514873504374441
1090,-4.927054116218256,-8.938762101544281
1091,-8.086768128299049,-7.358699865022962
1092,-4.953320725258372,-7.411736253643256
1093,8.877010724183478,6.617019405406784
1094,1.3946648442157668,4.00752283639965
1095,-1.8811564620178047,0.44632045919523256
1096,-10.62756517393633,4.051014624152956
1097,-4.843830727021551,4.577597682944845
1098,-5.006226169099338,4.176249201309057
1099,3.4658796107433045,5.931851272446231
1100,-3.27880281457878,5.400017534948388
1101,-6.110515723365867,6.90774555929393
1102,9.739028874730948,-0.5273455341005351
1103,9.644700956483822,-0.10103392680925594
1104,-10.491924401030728,2.9378629221707
1105,-7.770722691060023,-6.960542036869351
1106,1.2553074813571383,-3.1662970951092504
1107,6.770636147033977,-4.618361050448434
1108,-9.431076307453328,3.83800894320193
1109,-1.469344448547215,4.27619488680018
1110,-8.139465270587527,4.905600453597742
1111,-6.224020625516635,-8.256115322197582
1112,9.587993080086164,4.72042470171047
1113,-7.622376905443782,-7.214059360427557
1114,-5.837280327820462,-4.399037554253702
1115,-7.466258661577892,5.713116144235736
1116,-1.2948437974502727,2.9791750821898244
1117,-5.683944424290406,7.253170588168546
1118,10.278152402585173,1.5237601472389355
1119,7.961143398025256,7.662177247431059
1120,-7.5402550587957204,-7.675617922806488
1121,-3.9234203563589913,-7.981104169805484
1122,-1.3189569105176606,-9.556327356506557
1123,4.802380424196574,7.0515299818217
1124,-6.953173270739917,7.831377237006636
1125,1.5475931541225072,6.792374885971005
1126,7.857316820084059,1.164462090457944
1127,-7.8405339231024875,-2.074962992167339
1128,-8.964719385795956,8.042201098972726
1129,1.9972063883973772,5.4415610020108955
1130,-6.4524279684301336,-4.599241834226613
1131,3.2428660212898874,-4.94107813674775
1132,-9.984359827305925,-4.648042142650431
1133,-4.251464590477405,4.919241317258274
1134,-0.27402405158651355,1.0169539584002651
1135,8.673513082437111,4.403554603164931
1136,-7.541354924678556,-5.798925512671979
1137,-8.191670093232647,-0.882541504659601
1138,8.099289971835127,-2.9713878891047623
1139,4.5977940260328705,-4.486751278825569
1140,-8.371416256501757,-8.076847624464452
1141,3.686356457128876,-2.67799143411185
1142,-9.064513473298526,3.0545514415573702
1143,7.815349457792894,-5.59950373035947
1144,-7.388231875419573,-3.1561954840858992
1145,-0.14938208599278857,0.5953695963833882
1146,-7.917584364877373,-4.053558969417303
1147,-7.346618452723352,-6.096872581425751
1148,-3.9550913242703634,2.775072432999581
1149,-4.690640492556276,6.648688178793552
1150,8.457981251461154,8.297912256705496
1151,6.012143977782759,10.700372842106582
1152,9.09753855583296,7.52430106871106
1153,-5.3046329572086455,-8.213880596398855
1154,-0.9190034548522448,3.452789267035227
1155,-0.5748468977067305,0.4869649431366444
1156,-1.4729985149602352,4.816541516051418
1157,0.5695518090767081,-7.059441623777493
1158,1.594741163894462,5.255682878479939
1159,-3.0159796517584248,5.477358567466656
1160,-3.149761471677831,-6.589260954872916
1161,9.932996721603098,0.24518177754354398
1162,-6.193842209136427,5.013696090765916
1163,-9.567763383551117,-2.4291096989094845
1164,2.541124299667099,-7.311089948827246
1165,4.653911599606176,9.018221565276365
1166,9.788539785254867,6.654323105915051
1167,-1.7464963157079119,0.7571030459695016
1168,-6.459612584826083,-5.835642067930701
1169,9.743626381768685,8.718609827145382
1170,-10.063431684091574,3.6590737988956814
1171,3.2905703659705505,-3.9519412534833123
1172,-7.00604952962572,-5.179684217420217
1173,-9.101946273394645,4.685296971069224
1174,-11.329355413754092,2.919627298708786
1175,-9.499769689233583,2.6857641206790874
1176,-2.7519870980784917,1.9324336319364819
1177,6.200965890624086,9.177114680956985
1178,2.06136883686752,-2.778604945544725
1179,-9.176584060891404,1.6461004025768127
1180,-7.651740656753035,-7.832078741401309
1181,-2.5938827134670714,3.8763471401027814
1182,0.09200665925278567,-10.318288212416359
1183,-5.705612716720845,-7.788402139411133
1184,-9.041110886740155,3.9666977325074493
1185,9.733630133105269,-2.103051129088958
1186,6.872438927101126,9.503116382297778
1187,-0.8133992583634861,3.546973928011175
1188,-1.0260702477732742,3.025006224937956
1189,-9.278193669879748,3.5872957615296546
1190,-2.7775242065967953,3.083309712303605
1191,0.9049660254026175,-9.601798575792703
1192,-6.886795355324696,2.9452352979198384
1193,4.892475940588671,6.228219335602782
1194,6.21981170225708,9.364529576805516
1195,8.45439554448405,-0.261203895087989
1196,7.931225225985259,5.859720029945955
1197,1.711663501936867,8.131648840481391
1198,-5.245825130745657,7.472680751498829
1199,-5.102942109382526,-8.437598867267752
1200,-9.278626435307952,3.7697696260384066
1201,-2.6515247944955127,0.034096480882249924
1202,2.978404687772188,5.114718768930886
1203,-10.276810225196392,-2.330499461409204
1204,-5.190498395802122,4.799000131817777
1205,-3.4098473230936053,-9.568606994605846
1206,-7.019315600973799,-9.670660276937442
1207,-6.120793657184464,6.457417715360533
1208,-7.335922675464019,-11.181979403290953
1209,-8.135988034486813,-0.33915653553256364
1210,-1.5592459209936855,3.020798422455749
1211,10.10209033036818,4.387360891443215
1212,-3.356280985712567,3.8245055495550093
1213,-5.132110883483794,5.396061166597544
1214,8.400362035652492,8.202235866208648
1215,-7.588320114303222,7.81030393753498
1216,-8.801415709594455,5.619666862479994
1217,9.120081408809611,0.7085682681810523
1218,-7.399770104087262,-1.2909812981927147
1219,2.3765256022705303,-5.738562873501768
1220,-0.010217790623173684,-8.920044325592825
1221,8.95929028360934,0.5826987051340985
1222,-6.06662676347132,8.839399844102358
1223,2.1531149595842405,5.661897291198135
1224,6.378469259501176,8.499028833687008
1225,-8.694015547997672,3.591592832060458
1226,-8.329051649439691,-9.927841048982929
1227,-9.809435661644493,2.887973818160006
1228,-1.139492392091138,1.1565457036553164
1229,-2.1384661770697995,3.335134106106222
1230,-8.556714470915571,4.9748408799770285
1231,2.120832856979915,4.013930856586701
1232,3.390915628557699,-3.892595884462426
1233,7.278327503419154,4.431917546160563
1234,0.8261051068732241,-6.785866541936584
1235,-11.464045911560268,3.7865864921898607
1236,-4.101260757219073,5.475389668696317
1237,4.597474381539051,-5.156510529698879
1238,-9.316217592166703,6.252998525118064
1239,9.113776804107225,4.334513661126726
1240,-2.4899534327098447,1.2813915070835487
1241,-7.0679615350593865,5.547888105360803
1242,-10.492706314597104,2.9230482178689594
1243,-10.07349990647172,4.459964852435316
1244,-8.752041333624042,-3.237022123518172
1245,-9.26277235750548,-8.84564336169191
1246,8.228253789674334,-5.620991343521405
1247,2.5451750364137684,1.6825652329989293
1248,-7.754137574364183,-5.716999135033659
1249,-9.99325506033567,2.517990890344384
1250,-9.008451868710141,-1.0517524002317276
1251,-8.502915793720717,-6.538671793489932
1252,-6.370992847393278,-3.93549434705521
1253,-9.452314052970134,3.3947060651623815
1254,-6.137715197539235,5.997840874007711
1255,-6.598585868747459,-4.355773743998316
1256,-7.7662266099149155,-8.690451128499383
1257,-4.979699326601532,8.512157543030236
1258,3.5970527717715317,8.01452722244612
1259,-1.8461296778558682,4.304743996314016
1260,6.196632403340263,9.517605721706856
1261,-6.44379948281873,-7.197106400499348
1262,-3.742474255490314,-8.327065914210975
1263,-9.585736805407537,5.395915314510444
1264,-2.9915224545952257,0.5939142737040414
1265,-8.256641071658821,3.4805524284815963
1266,8.411781560823389,-4.768654487804161
1267,-8.036172716033127,-7.211380124634519
1268,4.220779935133266,7.186162675090969
1269,-8.599231873531307,-0.5623925573060152
1270,9.142789870512223,0.5550729305392773
1271,-7.854876763701438,6.388325051276063
1272,-8.379385699604201,4.981782479502875
1273,7.588333916311829,-5.672204163679099
1274,-9.562496713670889,-10.543153552522671
1275,-7.0477174572836505,-8.58237038285914
1276,-5.352152017184539,6.057457444039395
1277,-0.8975753493866372,0.7366659799766568
1278,-8.275195880264834,2.768242388370155
1279,9.0674462353987,0.17453484212863574
1280,-8.400496553805157,-9.551115014752773
1281,-9.202686409228257,-4.327786866206425
1282,-4.226035074931676,6.018699205396459
1283,-2.2121960465217665,4.566013109276394
1284,-3.9084529940405153,1.5838369870406779
1285,7.915704160821085,9.361620977883343
1286,6.153770248046903,8.161130164718248
1287,-4.651138537294168,-4.013826409433152
1288,6.4869559463758755,-4.872703532552996
1289,-0.047929723030346164,-9.107163708997911
1290,-3.7573532048246583,-6.510738417849249
1291,-6.685009643555952,-6.154537642359171
1292,-9.437799721023689,1.929770168951932
1293,0.21839930961786624,1.9416146979058964
1294,-10.48304616380026,3.1374114038834935
1295,-8.187177589527645,-5.259075469920942
1296,10.807976109192545,4.615376419169316
1297,-5.329846673618557,-7.675569559044829
1298,-2.051029635513602,2.059886489122025
1299,-4.566903418470234,5.227348028479655
1300,-8.188253002030017,7.492724188363779
1301,-10.026199869071274,-1.6355292578032938
1302,8.503966079696774,1.022766765111629
1303,8.244980506259278,1.7984470852468804
1304,-6.5295020992287025,-2.945015224937795
1305,-5.3219846328652975,-4.5114126491195625
1306,-1.713533618875636,0.7075642169885005
1307,-0.5354745058967523,-9.49152183590137
1308,5.879630127313164,6.52885671303181
1309,-1.6335646637702823,4.435792525060256
1310,-2.5103894040877837,8.08687033090862
1311,8.128715132630177,9.689785030317024
1312,-6.984262613109532,-4.857969954824965
1313,-7.805236408478385,-0.6539953718934581
1314,-0.8576988740771748,4.453057167267307
1315,-6.070024152281664,7.38114487310198
1316,9.024096730770694,1.4480948905206599
1317,7.868576341987237,-3.7812350431435897
1318,-8.82080782389059,-7.43843850713823
1319,9.125452690769961,1.0940833322221482
1320,-10.538523091859687,6.63112500691715
1321,4.954965567959626,7.801251363613385
1322,-9.990066756884955,7.897272490526259
1323,-5.8833288938138235,-5.3048976577599785
1324,-0.07690270227904161,2.5556857782982445
1325,-2.2442628100379594,1.2780597894123042
1326,-6.094016992331625,7.341319826030571
1327,-2.5557756531774194,0.9107077961068933
1328,-2.3302221922375503,4.784053655164081
1329,-11.11682790221283,-1.9972696436595627
1330,-6.558442411791448,-2.306340450471552
1331,3.134922001578315,-5.401452244939194
1332,-2.0225970766220684,-8.364015550107684
1333,-8.316116191260454,-2.870584902523463
1334,-10.4729118608907,3.793785840257831
1335,-3.987139579398726,6.956367407280309
1336,-4.182814091790698,-8.110243844384685
1337,-2.474778965933811,4.585546149628905
1338,-6.292767788493151,7.43740287472169
1339,-6.996307196556833,-3.0921227049889155
1340,-0.6898813204400418,1.6147525695954772
1341,-3.0134535424804016,6.421870499047694
1342,-9.85077341179626,-7.795727149016586
1343,-3.6286136887365523,5.932083268730094
1344,-5.926145601646014,-3.7978539889422716
1345,-7.738197714191095,-10.140563389856148
1346,-0.5138729793487622,2.4748157543887617
1347,-9.395393223357473,-3.533066343716145
1348,-3.4066261415401584,6.591508716466203
1349,-6.41799151745382,-2.0558016801892935
1350,-8.0334555189892,1.3361101442866539
1351,9.00424240734025,-4.859050246114085
1352,-1.4294651705841361,5.168501049155187
1353,-4.304118254125777,2.1967020093716094
1354,-11.633276103123425,4.011615331106582
1355,9.639147121783807,5.213355776345488
1356,9.61472457710653,4.47684173552857
1357,5.828999195888486,9.91465334136813
1358,1.6725880302896634,4.699718846578131
1359,-6.446896649737404,-8.33740443027779
1360,-10.324212001731286,-5.296024336740641
1361,-8.94600874261616,-1.6832375703045395
1362,-9.308858337672428,1.9818143717161145
1363,-9.349420010487774,-2.029480356751542
1364,-0.7606094228348503,-8.883089727722284
1365,-7.581437364122783,-0.7613191811498058
1366,-9.161707784218832,-2.409989436558721
1367,3.655132318305248,4.985431218809443
1368,-9.8698201050629,4.11162865998749
1369,-6.835994492789618,8.365786735704724
1370,-7.301319135470726,-7.425414604624396
1371,-9.103657357957884,-9.86548655072374
1372,-2.219412939922331,-8.720840520977108
1373,-10.25189237126047,-2.5535046048822188
1374,-1.4686444212810534,6.506745005322004
1375,-7.278217556143445,-1.1428570851251976
1376,-8.76443518589202,-1.4993571569484738
1377,-8.008619152784892,7.932710542308621
1378,-3.4033093743866822,2.4997192524035157
1379,-10.779624186339902,-4.390857530191786
1380,-1.2343087151079004,1.0827178339878538
1381,8.204668365776683,-4.981598106629169
1382,8.070556932342779,1.7969191577388002
1383,-1.0168964764748458,2.2341529189138774
1384,-7.415001619281462,6.990870090408806
1385,-1.7554615173850256,2.975852518510489
1386,-10.215857303381243,3.8465107066051933
1387,10.498062513339343,-0.9731683114849199
1388,-4.542995039802024,-4.55203554892304
1389,-9.41605067328104,5.439347691008505
1390,-6.603718083680722,-9.32921077606536
1391,9.67042814166051,4.238109241933023
1392,-5.311294115126026,-6.870561036928616
1393,-4.66319799897478,2.7787499704919267
1394,8.064486694241038,0.8877564341541118
1395,9.282247938479786,-2.852958651942566
1396,-4.335822805212837,6.191403685942883
1397,9.288882802685011,1.0123893836749955
1398,-7.154161025458578,-1.5221642128925854
1399,2.5375881077373825,-9.584110631173855
1400,-0.6616140453864169,3.800136779045325
1401,0.8371719136673651,5.748968121588782
1402,4.708346096234499,6.470544538236853
1403,-4.220724092584932,-9.1666506581359
1404,7.4603366815236285,6.744219878579952
1405,-8.618889617701814,7.926944315201999
1406,-9.881634109254488,2.934760336488636
1407,-2.6579942696290204,1.2866422768123948
1408,8.858289161115623,7.8820435017204185
1409,7.554635190388643,-3.978489650486831
1410,0.8750003038492496,-6.647290710387044
1411,-7.274803891189799,-1.1741234228213404
1412,-4.745949374566463,-7.518381027061834
1413,6.957780849341892,-3.3144555718016186
1414,-4.868820848089256,3.043379647232804
1415,-3.173983795437822,3.4037969037161284
1416,-6.362366850664213,-5.210178790010193
1417,6.7000990886477645,8.856037867518905
1418,-0.12022494604962874,4.3798438171394025
1419,0.9855501008683454,4.156205733420815
1420,-4.555056887845466,-9.622824539563602
1421,-3.706300701869938,6.963040962920077
1422,-5.735787276151582,7.508865035083751
1423,-8.709332591876107,-9.672571460065353
1424,-0.9953670810976647,2.1726982179083145
1425,-4.841969033750733,7.352595792396353
1426,-1.5438578127782199,4.714177342882749
1427,4.721004724665422,7.95938000234564
1428,-5.586395923036052,7.67596065046229
1429,5.135161571898507,11.518464983650903
1430,2.401424324458683,4.0649681604510155
1431,7.752972480220418,8.427803859446765
1432,-11.6683041328748,2.685792490235209
1433,7.72833818094124,-3.9898093433796484
1434,-1.6982554152145706,2.7907175141398666
1435,0.7500814698436291,3.654725876209042
1436,4.067523667325536,3.9869614817744456
1437,-7.99879683928424,-8.686248430707645
1438,-5.349834368425119,5.708017415663771
1439,-10.996643917428173,1.862789163599387
1440,-1.596964877902479,3.8194879241032518
1441,-0.46064202604701254,4.591646286327105
1442,-4.531196813763434,8.164799629058518
1443,10.13033743520001,4.462336213980756
1444,-7.2330810234024545,-8.327408448932035
1445,-6.956489252746545,7.917633234825137
1446,1.6454377803239097,-9.789963826810665
1447,-6.9668553912810705,-3.128763922329747
1448,-3.0782376278384618,2.467978882174208
1449,2.7990051052794476,-7.5318423774844
1450,-4.8210514419166195,4.385590535456842
1451,-9.447361673200213,-0.8283606722754743
1452,-4.985453790667266,7.10536087022537
1453,-4.151234306727981,2.6203823521465655
1454,-10.597609750080062,5.273104512659416
1455,-5.1133557907721885,-3.1163148454070226
1456,-8.575640580581489,-5.320541596265367
1457,-0.7906737489426516,5.156901508708169
1458,3.1942228916176774,5.834913117744553
1459,-7.074343263138342,-3.3803800546398772
1460,-1.2603924503580874,4.553976853030012
1461,-4.860535687929943,-7.558546590650243
1462,2.6188246335574266,-8.526616500560825
1463,-0.5381421977128555,4.815390406779989
1464,7.102712070165181,9.550532609884874
1465,-8.992466435831291,3.203019291523164
1466,-9.981184936347486,-3.776160827087244
1467,-5.91627408808901,-4.500641235695907
1468,-5.763857997954493,-1.3781236204679093
1469,9.344014348528253,0.6594757563938639
1470,6.8161989819681645,9.761062065524099
1471,-1.3720761678472455,0.2976623236514774
1472,-1.2486068310625402,0.16392770693831515
1473,-7.8203122873864475,3.007561369736157
1474,-4.763012257052648,-0.4370034457615657
1475,5.827265024399506,9.216290285243476
1476,-3.1618048756419634,1.6149694272955162
1477,-11.027791420088493,4.128345778209856
1478,-4.794445199187495,3.591819247920679
1479,-10.275508688031591,3.990677194287633
1480,2.427571141037504,-3.6591620919876195
1481,-2.3241058421572554,3.760438800293144
1482,-8.672135964919498,-10.551209628858782
1483,-5.349316908846245,9.077099110301159
1484,-9.901415906509802,2.8146235459432876
1485,-2.3555524848214238,0.7664268837406494
1486,2.7463517222552705,-4.426064514822728
1487,-7.842741010285152,-7.037386996699876
1488,-10.276518235695166,2.3206848403652645
1489,-4.141452537310155,1.7238358474128148
1490,-5.3896633388806965,-6.508307366956528
1491,-7.200859509758328,-8.950497890117175
1492,6.100174355689878,9.578560783785605
1493,-8.716986390386348,-10.11578392175847
1494,-9.530044477243546,5.715763598355371
1495,-7.506158683879725,-0.7810881400505572
1496,-3.867888946571642,2.477171908172957
1497,2.8915682629991704,5.386680484515606
1498,-1.0095613115208095,2.9671003801752587
1499,-8.430821335178733,-7.046571539086928
1500,8.927254910067086,4.948322658934858
1501,-2.103828771596098,0.5475805088469263
1502,5.31710107557057,7.358894494073269
1503,-6.803601678882535,7.40115040827767
1504,5.028590175405651,4.796235507523066
1505,-10.297879716777777,-9.005878608947498
1506,-9.494527690217776,-2.6601226648309426
1507,-6.7400297084154,6.198982043967826
1508,-2.8077604677511783,1.3925603830550144
1509,-9.690473942354988,-5.6536108652277655
1510,-11.061142541435865,4.033462391779444
1511,-2.968104985184282,0.9319947035921607
1512,3.8974518084129297,7.718262985754099
1513,-5.0936607001031335,5.117648052560323
1514,-9.391823700689965,5.316848041854721
1515,9.335920134447262,4.890165195633119
1516,-9.571322836333799,-10.267392026540872
1517,10.922040182048608,0.6708660944976562
1518,-8.211082132082868,-0.7080859074157575
1519,-7.889828606548512,2.5385486509599833
1520,-8.723628287207745,-1.440941352889484
1521,-7.7591832598079105,8.675198721174903
1522,-5.4438890281143415,-8.197943874570473
1523,-8.380762904795802,-3.4506076653633
1524,3.0003389388218817,-7.683224200791578
1525,5.743662658390471,11.228144604161422
1526,-9.13598817238096,-0.45960891983330043
1527,5.000130825785501,-5.060540928667123
1528,-1.2665867200876582,0.6744026408035388
1529,-0.1448582289585134,-0.6153591959868947
1530,-7.111700857493236,-5.1205504519001845
1531,-9.1980529372153,6.211328903080878
1532,1.7458221331755543,4.028845316291564
1533,-6.104926517099011,-4.252793430300247
1534,4.6791959218121235,9.951184300907457
1535,-8.749707349307357,-2.286502494127284
1536,-4.137587338010632,3.158044770217689
1537,-6.146418782290638,-1.3283702755637223
1538,0.3956350876996334,-9.700658166873074
1539,-8.468846383482934,3.067173872185746
1540,-5.135592963768149,7.369133860703046
1541,-0.5074929539444293,3.001469605025022
1542,-0.03190915279961315,4.744501565417638
1543,-4.335457964132127,-9.302145359645413
1544,-9.755043062571307,-3.7515183684892004
1545,5.985720522444717,-3.321467890845062
1546,3.8638482183067744,9.501532519758223
1547,-4.0119040593509645,4.510924748509746
1548,-2.5745615522171184,4.386985474630894
1549,-7.792765566719606,-6.686605985904001
1550,-9.186760830849545,-2.9089064526559456
1551,3.8042692357350605,5.639286464441446
1552,-6.936385670988599,6.32760007265791
1553,-4.657033450090879,-4.365017426648393
1554,9.707157662133831,4.290570557292625
1555,-6.227373091225698,-3.61366359903791
1556,-5.71281188821786,-6.408797300503476
1557,-8.422622115177685,-0.972500940236353
1558,-2.2382936361610897,2.917808038006929
1559,9.68554657849584,4.894388068100007
1560,6.782138996250533,7.940183976743411
1561,1.3468977845098098,-8.544262443311332
1562,1.4629372117730766,2.921255422359669
1563,-7.122045552384197,-7.5788469676932815
1564,-6.298477122714283,-5.088702132069043
1565,1.9770115417917977,-4.981964001247481
1566,0.9930072698852719,3.9776169313982948
1567,-10.03896841290742,5.090533065875544
1568,-7.778363540022099,-1.427432391044783
1569,-5.809461199565808,8.170216221205955
1570,-6.918434137428755,-6.208053780988273
1571,-6.563793115456399,-3.480601698947093
1572,-10.698111008574356,-4.156742996327763
1573,-10.191850943882134,2.4362226578524995
1574,-5.421513586622849,-3.2284971895801173
1575,-7.531822146117024,-10.69955895462262
1576,2.958980040303457,6.148267527173931
1577,-9.682362199492744,2.918335770868934
1578,8.053668513089292,8.968938222545308
1579,-6.225518867286938,6.217338707550532
1580,4.213683286996608,5.369751018181674
1581,2.4877180419648166,7.209785748917388
1582,-7.8873493725619905,-7.431516812511353
1583,-8.38415557832863,1.934690330957208
1584,7.9235910680680695,-5.105564017783619
1585,-0.3512014411200348,1.8402510280921787
1586,-5.49737656719772,-3.207556631242134
1587,-8.082681508255174,-10.042348239535713
1588,-7.180105534236526,-1.969121950524532
1589,-7.439686870960392,-8.903197721899712
1590,-6.533778625847114,-2.899492261580387
1591,7.651006495670685,9.79229005156213
1592,-9.374350327075069,-4.388305230318433
1593,-6.528181680567951,-7.349294600311918
1594,-7.577948105874119,-0.10615456851757432
1595,-8.130277974332335,8.794632255968803
1596,-9.780730801053704,-0.183525541102056
1597,-1.9421710176942406,3.6734785903310545
1598,-7.916337840188565,-7.152346680943744
1599,-8.24151636518465,-0.5763719207242846
1600,-9.295038942279486,2.9162144811040847
1601,8.952317258631524,5.108701063047137
1602,8.143734819472638,5.146672850732427
1603,-9.006059198871595,3.9584331919654963
1604,-6.347312171256657,7.356088734529892
1605,-2.7172535345990445,-7.464408626036771
1606,8.291824465968878,9.579388493232148
1607,-6.196557286684819,-6.666432771057215
1608,-7.999064513655103,-9.78237724591584
1609,7.023086984420995,6.349199529178652
1610,0.8704778820184026,3.751269922258528
1611,-8.439995349001144,-4.5757022355269505
1612,7.864516657910416,-4.156461138210844
1613,-1.6087521511724905,3.769494222273808
1614,-5.106396361047349,7.7317877364445335
1615,8.882309520045313,1.802358994960758
1616,-8.973119989643488,3.4056720546415935
1617,3.9860709397621936,5.977281297176002
1618,-1.1527769619595194,4.731211533119051
1619,8.621089678938098,7.145908994663658
1620,8.850073293732898,-3.193695090039668
1621,-3.0167126160928603,0.2581891276683841
1622,10.272359356346758,4.266974570461469
1623,6.971580863142794,9.28366149473625
1624,-7.158195365541473,-6.029611055544942
1625,-5.512356617208214,7.370345031187863
1626,-4.363465105020938,6.716781279695237
1627,1.5637142338220378,5.430570906769121
1628,-2.92276291183126,2.932555918998868
1629,10.75192798264348,0.9611047379213112
1630,-4.902988527769073,7.954683638943215
1631,-2.473606536673876,2.7702081647872414
1632,-2.4165756492971173,3.8281947782122345
1633,-9.692948637793462,2.553678811173546
1634,-8.715191316764624,-8.587247234351478
1635,-4.856969183065342,3.503881371073903
1636,-4.248342485577786,5.888389925932096
1637,-2.5686244645289187,0.7942905717179654
1638,1.9304632118018732,-7.910519057618555
1639,3.467065424642458,-4.738740746122373
1640,-4.619766102518775,7.445904579547244
1641,-6.1021167596677826,6.776447297892899
1642,-4.344268804273507,7.324600629673544
1643,-3.1352590152913153,6.4445194570231035
1644,3.886843783928411,1.9203774335264083
1645,-9.686014266771663,2.887496573618347
1646,-10.143517092803638,4.551914123573265
1647,10.092185976991889,-0.4196719062514631
1648,-1.6421504976485148,3.284471140096273
1649,5.695610514762413,9.176565175482832
1650,-6.766575185070039,7.838098938704053
1651,1.9482206022243813,4.705733636233241
1652,-11.440077667436098,4.2706387189594945
1653,-9.863664307098478,-2.751293685163499
1654,-9.307421391138638,4.664360573757766
1655,-9.338662707552892,-5.580786887979462
1656,-6.406038353644674,-3.138584836868113
1657,1.5844145242030987,-5.881124785331403
1658,-9.575318629725965,-0.06679086341007046
1659,-6.71495883170344,-6.278039785055215
1660,-10.495926067284179,-4.264333525666055
1661,-1.1360348270374525,-9.798477595463483
1662,-1.178824716420694,0.9661963294502346
1663,-5.081957563694123,8.43409834947754
1664,-9.634673646796786,3.91501047361941
1665,-3.145361207832108,1.5018086845486747
1666,-2.209650670147646,4.04889967030026
1667,5.852191153009019,-3.1028026345222015
1668,0.5468168428124627,-8.225087429240928
1669,-10.54348667163567,-4.152186410252101
1670,-4.814801929153198,7.707324736946611
1671,-7.180867369130135,-8.328687073285797
1672,-0.582658908669867,3.5581167333238364
1673,3.819136083691256,6.797870829872609
1674,8.130586996551287,5.900356524489374
1675,0.6648143409146742,-8.843826971101477
1676,8.339089176777662,-4.179916902380701
1677,-10.114139970981148,3.6683821053600476
1678,-6.357654208846771,7.766726122740071
1679,-5.903125481234717,-1.2357759740696657
1680,-5.0471449474354255,-6.11649610279717
1681,0.22721631161793637,-6.929477340184675
1682,-6.74801092858139,8.118020042107359
1683,0.08485179880011418,-8.589456691568403
1684,-5.770845124064898,6.14319995067442
1685,-1.1389835688751488,3.262148479220019
1686,-6.884930161048266,-5.969938183634012
1687,-9.337864781336238,5.002893811120598
1688,-0.7777040900071022,1.2970520324878265
1689,6.346720148182969,8.63018695543625
1690,-5.416613354387272,6.068154962544223
1691,10.424463122622775,-5.138126981226712
1692,6.820804680849323,9.145679347293784
1693,0.6206173375750664,-6.59229283287536
1694,-9.63868940732536,3.0541086900710823
1695,-9.17321848937298,6.319392701608099
1696,6.698247628090002,9.973811564515646
1697,-9.356133993701956,3.561402544501473
1698,-6.009120059372483,7.778709740948868
1699,0.6114822914855541,-7.551283640360932
1700,-3.440511894444752,4.921352061931385
1701,-9.414083276799943,-10.520863361358316
1702,-1.6286643190901915,0.08884728700696454
1703,-7.206212890650738,7.636669281501539
1704,3.0030439435536582,-4.8955542917046815
1705,-7.994190247066106,-3.0316644630569525
1706,-1.3349321269369998,1.4386641947008043
1707,-0.8985020197839709,-10.523965479870192
1708,-4.69671208785681,-6.065718381920899
1709,-0.4528560227959536,-8.407338860950954
1710,9.865504088795184,4.471714460720234
1711,4.488856185528129,8.603146709142818
1712,8.10539538169248,8.172362425792613
1713,-6.305644686365208,6.390535348597785
1714,-6.380140484954125,-2.458589788454134
1715,-10.11817707544161,-5.1864692828096315
1716,2.962302891864551,-3.3688686080695365
1717,-9.481280715597391,-1.10586053119641
1718,-5.4957038077451585,-8.568368151067695
1719,-7.936323968742262,-0.5083464988651665
1720,-6.503561469353414,-5.046807639399943
1721,9.881117759161363,-4.365902052074791
1722,-10.493057603858368,4.319615580485617
1723,-8.865629617440632,4.584528891125399
1724,-1.3739725806942609,5.291631033113889
1725,-5.8362785122638,5.869501360516157
1726,-8.375166738759471,-9.545770414057898
1727,-10.352655410018267,5.077363393822394
1728,-7.774453666221657,-5.711157239183369
1729,-9.136900463057724,3.950654031597761
1730,10.0521943475704,5.691777694166946
1731,3.8667580702759743,-4.6953767004773255
1732,11.032108649555559,5.204422204643943
1733,5.857956306527908,10.462079662244092
1734,-11.270271258899095,-3.6398008268997724
1735,-2.9034991903655856,6.625318044475934
1736,-1.2216816819219918,4.429912566188749
1737,-9.352889232394991,-5.631314568953886
1738,-5.308256522217525,-2.3757364088357757
1739,-1.7628024194955028,2.11135141178278
1740,9.812959260584705,-5.526642019179484
1741,7.18022681464994,9.561876809354855
1742,-6.342564331519351,7.822337775154683
1743,4.114681110585243,-2.461778681703458
1744,3.51544874917824,4.653443352048559
1745,-9.13936926911288,2.9016279949634893
1746,-1.2794235957519131,0.11146691309992562
1747,-8.678804728054688,-9.58993585323716
1748,7.316116211239893,9.052839399196515
1749,-7.650142166584391,-9.804748082715967
1750,-4.002456071769577,5.868976237682451
1751,3.319961753078532,-3.4782524108871224
1752,9.12698929094873,2.2422196044018996
1753,-9.783820908129158,-0.8905812947153018
1754,3.004038498279218,7.671938423907406
1755,7.311627896521236,8.725812082939472
1756,-3.7225567626997504,5.498010942525455
1757,-1.6529273684511319,3.8167584967274095
1758,-6.441074805569702,7.1551087038069765
1759,-3.675795799408343,-6.252597828412232
1760,-7.136223569829174,7.257796074640217
1761,-1.0431469859773481,4.162337084244932
1762,-8.82507110064995,3.572158453874836
1763,0.07745209075738058,-5.940292132314662
1764,-6.852773422526337,-5.7450390926218535
1765,9.22418330285573,1.2039079315513799
1766,-2.0964676880853927,0.8888224224813347
1767,-5.275217240136854,-7.156854374286199
1768,3.192978599770572,5.050503040888417
1769,-1.3207894021859612,-0.8587432199065539
1770,-9.105395433531502,-3.0849230906071057
1771,-0.979490066070415,4.08668826994449
1772,-5.193080034293545,-4.702710404562806
1773,-5.96588585091056,-9.054862595100042
1774,-4.580986659158501,-2.8919156798887533
1775,1.1820124643712984,-7.122440394133951
1776,-8.91031018465061,-1.622008299739129
1777,-8.465155237271821,-1.2583051578985383
1778,7.77031561655252,-5.127179317752046
1779,-7.346327521826556,4.285915859517242
1780,-4.800551420626869,
1781,-5.47595668110681,
1782,,1.946989213764831
1783,3.4717056250274485,
1784,-2.221644187879919,
1785,-2.8896180416154813,
1786,-7.422031613279854,
1787,-1.2360655518844066,
1788,-6.437078285250598,
1789,,8.935635840487626
1790,-2.977649363886014,1.3901295265355076
1791,6.770332012517608,7.529487351309522
1792,0.2786384563701486,-9.628876943902975
1793,7.019535192231661,-5.538548962611378
1794,-5.024324158045168,-5.290006888964593
1795,1.1013311134810628,-6.672001445700454
1796,-8.808968977198655,-0.13750995276930156
1797,-1.6144327733487558,1.4037717628202495
1798,-4.683600508463964,2.7100192120685858
1799,6.9173198024783495,6.835961133671138
1800,-5.2987224822415975,8.30723326425956
1801,-11.200009298030007,4.795006461096776
1802,5.11205963100695,9.946740797629406
1803,9.609403681559348,5.5507626390233815
1804,-5.581429546786198,-3.846852787695277
1805,8.536873308592916,8.004105957573476
1806,-8.159273599103534,-4.8202539624270715
1807,0.52200570955762,-7.909341767631093
1808,1.7850945022754314,-6.065885770752326
1809,-9.891489779617883,-5.479028863592562
1810,-5.791143045608666,4.484520490272287
1811,5.173778997012975,-2.0315151256221964
1812,-7.497528576872015,8.498041610381064
1813,-8.716487341242159,4.359252131997325
1814,10.015004566835305,-2.712815879006948
1815,7.206635065867473,7.9251971758064075
1816,7.7087259264868235,-5.458486248026399
1817,-6.626715836366501,-7.030899782966952
1818,-6.4349331037982616,-6.110862463514301
1819,-9.111644559875923,3.802477861923703
1820,-3.6808658762374638,6.370519302113384
1821,8.621135844924396,4.928761935975534
1822,-7.396165353590367,-7.766688959490954
1823,9.743492257129244,4.879018820491162
1824,-3.852855339380132,6.160120226107573
1825,-7.365486144395556,-10.982679051093644
1826,8.015261577782592,-2.391160408071205
1827,-9.573137446527813,3.1487896129456927
1828,-0.3629105810289712,1.2536361801713198
1829,-4.401528705596658,-6.733217412930574
1830,-9.489823717676456,1.8940395284893028
1831,-5.5038774451003185,-5.800645854339231
1832,-2.1066884707345177,5.63099757364866
1833,-8.729278409068302,2.788945568778601
1834,-1.8222067037936918,-9.963195078448578
1835,-1.6902825964215547,3.0745758886388592
1836,-3.1410225706148376,4.923828881012663
1837,-7.476521346846221,-6.874700021782323
1838,-3.1038328374215043,1.5093579117862173
1839,-6.4802355731803125,-7.8289538611756235
1840,-1.0097057676302674,5.998107620292368
1841,-6.690215316705991,-4.914388132917232
1842,-7.487497154510416,6.260955238097655
1843,-10.162903906722258,4.540478803993006
1844,3.164830225992729,-6.863241331153661
1845,-0.8036800011091325,-9.072060206109885
1846,10.941530425253536,4.490699961344936
1847,-5.712633537063395,6.3854886108048765
1848,-1.6631054969008598,1.840407254321144
1849,-8.501908404296596,-4.78811906386134
1850,-8.16215522752591,-1.772342299150776
1851,1.3731536458608438,5.792725944856588
1852,3.8954004535953297,7.936972499976387
1853,-10.3670418903356,4.490403673385053
1854,-3.2605120257110833,3.2823149653858117
1855,6.892695626773571,6.997762626268054
1856,-9.712964392804043,-3.690881101899936
1857,-3.173051269799136,3.091947879650846
1858,7.025465084808272,9.57246146039945
1859,-5.824640259679404,-1.323450358619973
1860,8.792627569917965,-6.22358373630731
1861,7.592861835037414,1.6154878262007544
1862,-8.932985115348814,3.675118101644679
1863,7.464692304195982,-3.447208977672633
1864,-4.5550703719361545,4.374620597418464
1865,-9.240550297833009,5.1693789919941695
1866,-4.394729978727513,7.238518252971427
1867,-10.498173763573242,-8.288747337950653
1868,-10.262303465774965,4.74419086280166
1869,-9.568186363631137,-4.560346945563251
1870,-3.080163285514696,3.5498988141246617
1871,-5.263588708671674,-4.565348119659225
1872,-3.6504332310172174,7.279115745181841
1873,-7.916088902847235,-8.277578750792815
1874,-5.841803724632152,-5.175607742249905
1875,-9.332140062242859,-0.497403646019273
1876,-7.162566556276607,-4.319012026801643
1877,3.2529314417280326,-4.347283519688238
1878,-7.544039282443818,-7.803060945795766
1879,-5.6740250022907315,-3.134238285966078
1880,-4.186299459747831,-6.4853555440042685
1881,7.116636423672834,1.1120060562335032
1882,-5.55708457848681,7.375393711286158
1883,-1.1643485819705592,4.2317867091006605
1884,-1.499522836500689,5.282658789959386
1885,-5.353203814130707,-5.441781781600422
1886,0.9216020692815171,4.2221896671949475
1887,7.126400981684657,-3.889833354135043
1888,-7.617244423193782,-4.586291309984491
1889,-5.649236078246643,5.995878070480085
1890,-5.1228723011632,-7.557953658522189
1891,-8.784094270517345,-1.9368147939560036
1892,8.759253107641152,-3.325190351764308
1893,-7.077186675974518,-1.3164454643587367
1894,2.040426186655253,-2.403561131426553
1895,7.581565450347847,7.432551436904578
1896,-4.3264060426722715,-8.56348512223059
1897,9.13187450435188,-1.2908861162651089
1898,-7.151509097997669,-9.733639257410674
1899,-2.567018962984874,3.0000396764117316
1900,10.825452337491317,6.355590427855598
1901,-8.976673429282815,-2.0405521313242323
1902,-5.199507083425766,-4.265195460462471
1903,2.849784544644658,4.225569774193175
1904,0.6820051847163093,-9.76428498158705
1905,-1.1278684919925532,-8.668782533028658
1906,3.5616767185796263,2.7406305408021874
1907,-8.211079676479562,-9.960664566844892
1908,0.8169111526858347,-8.44387617453847
1909,-8.729290095034886,-5.534063999112722
1910,-8.129554150932837,3.603525219861821
1911,-10.08222053105773,-4.250710430136708
1912,-4.591343460682649,3.4085441023707936
1913,-6.188168123493833,-5.164964380986893
1914,7.944349767586084,-3.3487912040239727
1915,-7.042105598778317,-2.414214752183041
1916,-4.107366023883154,7.109823754534882
1917,-2.4139578469451726,5.659358024076449
1918,-2.573622793209463,0.6098487251811795
1919,8.77245717018959,5.718129821877882
1920,-6.874403348993068,-6.464637502340877
1921,-2.98044236445528,0.36908263704717315
1922,1.1596507239277511,4.850249522176635
1923,-1.8678917342189885,2.3197239230493554
1924,-8.23439840041689,-8.661905395169855
1925,5.470693617667191,7.239082540607836
1926,7.260852750271023,8.601290441949999
1927,-5.144456553866367,-3.737293598831945
1928,-9.052495164146613,4.426279412278473
1929,-4.210018745180581,-7.7349091402294
1930,-8.884637519382155,-7.730762768569277
1931,3.9819979215109336,8.916909858762997
1932,5.354448182750579,8.548387088527761
1933,-4.561504680937028,-7.5631640186079245
1934,7.415509259315423,7.865054630893159
1935,-10.859028864429144,-3.278637021675232
1936,-5.475264027182702,-4.20781102031394
1937,3.0172338185961767,2.6719953829196954
1938,-8.75707402341687,5.532464257321724
1939,-5.7413199726635,-6.598235104678535
1940,-3.742042612236158,3.458211406397075
1941,9.225386014980694,-5.378395095587666
1942,5.763039176260649,8.038741866611163
1943,5.327655516477387,7.266166782201422
1944,1.76894517472804,-7.283042605308065
1945,-5.580619549516235,-3.746250387520556
1946,-11.671908311272034,-3.128318722924219
1947,-2.393702064727682,2.1234401447376365
1948,-6.344124469137065,-3.1971775263125846
1949,-8.809666934547524,-1.7967689303964651
1950,6.493320064720819,7.552773499495675
1951,1.2564282407837633,0.17610934968982406
1952,10.361918129268847,-1.2797937128425803
1953,-8.963866149275313,3.4580816520110393
1954,-4.350522102101447,-6.698295630456901
1955,7.236650875126429,8.499848518549236
1956,-6.393020356959804,-4.706437694723497
1957,-11.48142196399803,4.817936934428134
1958,-0.1206567075090392,-8.420281276509293
1959,-1.6715412705326178,-1.047585172558055
1960,-5.611265090710514,-6.2887059067489846
1961,-0.322560091270796,3.265392344268913
1962,9.247160823765224,5.261171015603474
1963,0.5393533005122817,5.7812300831557994
1964,-5.013776737167543,5.634926954891393
1965,-4.177302431463931,7.575562498569481
1966,9.18857567963154,4.97094053580965
1967,-0.801766582785179,4.484859937693565
1968,1.1335985658147036,-7.171047218113392
1969,-1.6039814645896038,1.3932740626904698
1970,5.249352885388254,-2.6856909765560664
1971,0.5311398230212139,2.510128945952069
1972,-5.924614242037544,-5.800377795222582
1973,-5.6261521283559155,-2.981442165315455
1974,-0.9434899638126254,6.133266977458169
1975,-4.979018261213292,5.991275609747583
1976,2.9107538220704186,-6.613088000862887
1977,-1.8513954583101344,3.5188609047583252
1978,7.912052060896613,7.983840361266081
1979,7.589416496195403,-4.062875784883283
1980,-5.137937399367842,5.819124436344661
1981,9.831258734474371,4.14984128270057
1982,10.25912380428361,-4.616952421265653
1983,-8.432611242458519,7.797286790556138
1984,-8.133812343813904,6.768147416829354
1985,0.42665244973136307,-8.659415306133592
1986,-5.6187621047318865,5.975781248502038
1987,8.238016632485564,2.3577657192582793
1988,-10.086652846342322,2.8842468096291047
1989,7.074678094542834,7.151169927470588
1990,-2.427715308805805,-5.508141216038841
1991,7.674146413100169,-5.152017444907627
1992,1.5869325008326924,-7.326130962134386
1993,3.9413499600981385,-3.539999851106023
1994,-8.739916033112502,0.14152830695469953
1995,-8.96899913925682,3.937588525330964
1996,9.126877447859547,5.037831330126899
1997,9.444121705479246,0.10547174505448731
1998,-9.807661626533617,3.5082924496005403
1999,-8.225052288640015,-6.803121285942319
2000,-2.054309979272773,3.8899256289017456
2001,-9.117023460223646,-3.738116912948257
2002,9.47405988440043,0.0448644770464931
2003,0.0493303347479061,-9.713266132698854
2004,-4.997398087143143,7.3248966522237335
2005,7.674315118685841,8.14399297333045
2006,-6.212178121932452,-8.117868007569287
2007,7.544139236912167,10.051714154519596
2008,5.900727717793808,-2.415018902701366
2009,8.041147981533948,8.756634973599509
2010,-10.28039572522975,3.298621789526946
2011,-7.056260067776862,-0.7250140749861568
2012,-6.549808570018373,-10.935762572276968
2013,-7.174873673821345,-8.144679159188021
2014,-6.782206471409318,-8.979325536471364
2015,10.226819470043853,6.086182833392164
2016,-7.25993952453364,-7.3478346803918635
2017,-6.146294442992576,-1.2301447219019064
2018,1.003832129493977,3.9126086912840936
2019,-7.478605784464554,-1.0450885960561216
2020,3.2714287936517508,-8.397992809223808
2021,-6.0697095155115015,-4.745407906943173
2022,-7.85899214674849,8.60951145354606
2023,5.848871503816068,10.534157888715821
2024,-10.849459871247294,4.451563154454667
2025,1.499783173459295,4.484501362797239
2026,4.270324069901891,6.1852562352597875
2027,-6.671449029217586,-5.979598334339428
2028,-7.597116204555916,-7.0350947079063495
2029,-0.1574986412972461,2.844525790625958
2030,10.163445661028684,5.573459124247255
2031,-4.621082256357836,-7.055107765287793
2032,-9.999603986491104,-5.349968971958637
2033,-5.688015467401146,8.46999393614288
2034,-8.444372755031777,2.8606481212975874
2035,-3.1708976804352127,5.600986736438434
2036,-3.01618298771037,4.285579686605083
2037,-8.757417810609196,-10.771610210114105
2038,-1.66677009050475,-0.21967620902126073
2039,0.8687658008578785,4.1578550911277015
2040,-4.2077808996974495,-8.641308496542317
2041,-1.3504673094198192,3.4439239490698106
2042,7.692993632450021,8.868429568158215
2043,4.766261329392373,5.536797483831573
2044,6.369551859906652,8.569166264892623
2045,-6.980020947316325,-0.9526293129316474
2046,-2.4461206975017777,2.684870158529474
2047,-6.182636408855545,9.179644296111693
2048,-9.054056808403567,4.139359702381303
2049,-7.043019347031186,-8.621901920901935
2050,-9.936962307853594,-3.742223792355488
2051,-2.1766543638687477,3.4094630411928986
2052,-9.809762350060488,3.932005377666166
2053,7.906358622716596,7.352435617263762
2054,-9.158893935834742,6.753608103748312
2055,-7.519005779477081,-3.2106704242427746
2056,-10.459062047072482,5.527737244149421
2057,10.315895975211829,-4.619108038753326
2058,-7.59472885266494,-7.514869199487905
2059,-11.43858852794494,-2.7210954765347686
2060,-0.6410360860376141,1.6803338540706658
2061,-8.90723104421044,-2.1087794642011692
2062,-7.320164281841842,8.693074082348039
2063,-0.3968479253726367,-6.489969656305618
2064,-7.005770663760572,-2.39731990359756
2065,-7.246510083708317,-1.6863557960974696
2066,-1.7274295770781427,1.7844001131429021
2067,-9.0292449264582,3.2751016389377257
2068,0.6730813658035654,-7.193293699794263
2069,-3.5111987778444957,-7.800080916005793
2070,-3.699399299342399,4.9872398207649065
2071,-9.373545972205951,5.503205818386021
2072,-5.1282081303997975,7.6742317121197114
2073,2.689055706307885,4.660346114207783
2074,-4.2023409550529465,5.464442825865945
2075,9.384079619570214,5.9997300981825905
2076,-7.261826508229233,0.5257658211287464
2077,-5.535475898710105,6.270241286703781
2078,-5.462408896140699,-3.502669049907909
2079,-6.908618333387656,-8.343449129708906
2080,-7.042891269980437,-5.455882830819082
2081,-6.754609895873972,-10.247475920846856
2082,-7.622966276135573,0.33229520825288295
2083,-7.544493536066675,5.4802229585895565
2084,8.468524178329398,-2.2717461054422525
2085,-2.406718199699357,6.098944469870908
2086,-4.315717906893127,-4.797076681249393
2087,8.557340061454234,-0.24928106766920533
2088,4.050780534287271,8.611132964348565
2089,8.786745834260788,-4.13090960335519
2090,-6.211600961702116,-8.566257414335077
2091,7.3728741957861175,-1.5314634402480056
2092,3.269036180556363,7.860851604297869
2093,-2.300394979441454,-0.27519497960701145
2094,-5.704092447480687,-5.4766133574513685
2095,6.3688056629977,-4.768731403861059
2096,-1.7085420304756904,3.466514742478358
2097,-8.638431210967683,3.386920691489086
2098,-6.6135981676175675,-9.837288090492283
2099,8.439820187998189,5.888605691093215
2087,8.557340061454234,-0.24928106766920533
2088,4.050780534287271,8.611132964348565
2089,8.786745834260788,-4.13090960335519
2090,-6.211600961702116,-8.566257414335077
2091,7.3728741957861175,-1.5314634402480056
2092,3.269036180556363,7.860851604297869
2093,-2.300394979441454,-0.27519497960701145
2094,-5.704092447480687,-5.4766133574513685
2095,6.3688056629977,-4.768731403861059
2096,-1.7085420304756904,3.466514742478358
2097,-8.638431210967683,3.386920691489086
2098,-6.6135981676175675,-9.837288090492283
2099,8.439820187998189,5.888605691093215
1987,8.238016632485564,2.3577657192582793
1988,-10.086652846342322,2.8842468096291047
1989,7.074678094542834,7.151169927470588
1990,-2.427715308805805,-5.508141216038841
1991,7.674146413100169,-5.152017444907627
1992,1.5869325008326924,-7.326130962134386
1993,3.9413499600981385,-3.539999851106023
1994,-8.739916033112502,0.14152830695469953
1995,-8.96899913925682,3.937588525330964
